-- phpMyAdmin SQL Dump
-- version 4.8.5
-- https://www.phpmyadmin.net/
--
-- Host: 127.0.0.1
-- Generation Time: Jul 21, 2021 at 08:29 PM
-- Server version: 10.1.40-MariaDB
-- PHP Version: 7.3.5

SET SQL_MODE = "NO_AUTO_VALUE_ON_ZERO";
SET AUTOCOMMIT = 0;
START TRANSACTION;
SET time_zone = "+00:00";


/*!40101 SET @OLD_CHARACTER_SET_CLIENT=@@CHARACTER_SET_CLIENT */;
/*!40101 SET @OLD_CHARACTER_SET_RESULTS=@@CHARACTER_SET_RESULTS */;
/*!40101 SET @OLD_COLLATION_CONNECTION=@@COLLATION_CONNECTION */;
/*!40101 SET NAMES utf8mb4 */;

--
-- Database: `ppdb_kuwus`
--

-- --------------------------------------------------------

--
-- Table structure for table `tb_admin`
--

CREATE TABLE `tb_admin` (
  `ID_Admin` int(11) NOT NULL,
  `ID_Siswa` int(11) NOT NULL,
  `Email` varchar(100) NOT NULL,
  `Password` varchar(50) NOT NULL,
  `Level` varchar(10) NOT NULL,
  `Foto` varchar(100) NOT NULL,
  `wu_admin` datetime NOT NULL
) ENGINE=InnoDB DEFAULT CHARSET=utf8mb4;

--
-- Dumping data for table `tb_admin`
--

INSERT INTO `tb_admin` (`ID_Admin`, `ID_Siswa`, `Email`, `Password`, `Level`, `Foto`, `wu_admin`) VALUES
(1, 0, 'admin@smkn1kuwus.sch.id', 'golowelu2021', 'admin', 'logo1.ico', '2021-06-04 00:00:00'),
(2, 50, 'marcela@gmail.com', 'marcela321', 'user', 'girl.png', '2021-06-10 13:27:00');

-- --------------------------------------------------------

--
-- Table structure for table `tb_ayah`
--

CREATE TABLE `tb_ayah` (
  `ID_Ayah` int(11) NOT NULL,
  `Ayah` varchar(50) NOT NULL,
  `No_KK` varchar(20) NOT NULL,
  `NIK_Ayah` varchar(20) NOT NULL,
  `Tgl_Lahir` date NOT NULL,
  `Pendidikan` varchar(20) NOT NULL,
  `Pekerjaan` varchar(50) NOT NULL,
  `Penghasilan` varchar(50) NOT NULL,
  `KK_Ayah` varchar(30) NOT NULL,
  `wu_ayah` datetime NOT NULL,
  `ID_Siswa` int(11) NOT NULL
) ENGINE=InnoDB DEFAULT CHARSET=latin1;

--
-- Dumping data for table `tb_ayah`
--

INSERT INTO `tb_ayah` (`ID_Ayah`, `Ayah`, `No_KK`, `NIK_Ayah`, `Tgl_Lahir`, `Pendidikan`, `Pekerjaan`, `Penghasilan`, `KK_Ayah`, `wu_ayah`, `ID_Siswa`) VALUES
(4, '-', '5315020108160001', '', '0000-00-00', '', '-', '', '', '2021-06-05 10:36:10', 50),
(5, 'GODFRIDUS BABUT', '5315020602090002', '', '0000-00-00', '', 'PETANI', '', '', '2021-07-05 09:58:30', 51),
(6, 'AGUSTINUS GERE', '5315022001090002', '', '0000-00-00', '', 'PETANI', '', '', '2021-06-05 10:50:24', 52),
(8, 'ALEKS SABE', '5315020109090001', '', '0000-00-00', '', 'PETANI', '', '', '2021-06-05 03:02:26', 54),
(9, 'STEFANUS DAPUNG', '5315020102100006', '', '0000-00-00', '', 'PETANI', '', '', '2021-06-05 03:08:04', 55),
(10, 'agustinus agun', '5315021411090007', '', '0000-00-00', '', 'PETANI', '', '', '2021-06-07 02:35:10', 56),
(11, 'KONSTANTINUS ALDER', '5315022307090016', '', '0000-00-00', '', 'PETANI', '', '', '2021-06-07 02:40:36', 57),
(12, 'DIDIMUS NAKA', '5315020112080025', '', '0000-00-00', '', 'WARTAWAN', '', '', '2021-06-07 02:47:32', 58),
(13, 'ALFRIDUS KASIMAN', '5315020308090001', '', '0000-00-00', '', 'PETANI', '', '', '2021-06-07 02:52:24', 59),
(14, 'BONEFASIUS BARUT', '5315020410100003', '', '0000-00-00', '', 'PETANI', '', '', '2021-07-07 03:56:56', 60),
(15, '-', '5315020901140015', '', '0000-00-00', '', '-', '', '', '2021-06-07 03:02:38', 61),
(16, 'STEFANUS BAUT', '-', '', '0000-00-00', '', 'PETANI', '', '', '2021-06-07 03:11:28', 62),
(17, 'YEREMIAS MADIS', '5315020509080055', '', '0000-00-00', '', 'PETANI', '', '', '2021-06-07 03:16:46', 63),
(18, 'STEFANUS RAJU', '5315021212090008', '', '0000-00-00', '', 'PETANI', '', '', '2021-06-07 03:20:45', 64),
(19, 'FRANSISKUS DON NADUR', '-', '', '0000-00-00', '', 'PETANI', '', '', '2021-06-07 03:59:16', 65),
(20, 'LONGGINUS ABON', '5315021612080037', '', '0000-00-00', '', 'PETANI', '', '', '2021-06-07 04:03:50', 66),
(21, 'ALRINUS JEMARU', '5315020912080019', '', '0000-00-00', '', 'PETANI', '', '', '2021-06-07 04:09:20', 67),
(22, 'YEREMIAS CANGKUNG', '5315021512080016', '', '0000-00-00', '', 'PETANI', '', '', '2021-06-07 04:14:02', 68),
(25, 'KOSMAS PAS', '-', '', '0000-00-00', '', 'PETANI', '', '', '2021-06-07 05:36:36', 71),
(26, 'LAURENSIUS JURHANI', '5315021302090039', '', '0000-00-00', '', 'PETANI', '', '', '2021-06-08 03:45:10', 72),
(27, 'SIMON GAMBUR', '5315021308180002', '', '0000-00-00', '', 'PETANI', '', '', '2021-06-08 03:52:01', 73),
(28, 'I WAYAN SUTAMA', '-', '', '0000-00-00', '', 'WIRASWASTA', '', '', '2021-06-08 03:56:09', 74),
(29, 'ANSELMUS JEHATU', '5315021111100006', '', '0000-00-00', '', 'PETANI', '', '', '2021-06-08 04:00:05', 75),
(30, '-', '5315020209080045', '', '0000-00-00', '', '-', '', '', '2021-06-08 04:08:43', 76),
(32, 'SAVERINUS JEMARUS', '5310032708100116', '', '0000-00-00', '', 'PETANI', '', '', '2021-06-08 04:20:01', 78),
(33, 'SALESIUS JURU', '5315021709080012', '', '0000-00-00', '', 'PETANI', '', '', '2021-06-08 04:26:23', 79),
(35, 'ANGGELUS SEMAI', '5315022101090006', '', '0000-00-00', '', 'PETANI', '', '', '2021-06-08 04:37:44', 81),
(48, 'MAKSIMUS SANTUR', '5315020901090011', '', '0000-00-00', '', 'PETANI', '', '', '2021-06-08 04:58:01', 94),
(49, 'SIMON GAMBAR', '5315021308180002', '', '0000-00-00', '', 'PETANI', '', '', '2021-06-08 05:06:10', 84),
(50, 'MATEUS TURUT', '5315022503100012', '', '0000-00-00', '', 'PETANI', '', '', '2021-06-09 07:35:51', 96),
(51, 'YOHANES TEKOS', '5315020310090004', '', '0000-00-00', '', 'PETANI', '', '', '2021-06-09 07:54:11', 97),
(52, 'FRANSISKUS MAN', '5315022901090028', '', '0000-00-00', '', 'PETANI', '', '', '2021-06-09 09:14:22', 98),
(53, 'MAKSIMUS BURUNG', '5315022709110008', '', '0000-00-00', '', 'PETANI', '', '', '2021-06-09 09:29:40', 99),
(54, 'BLASIUS MALSIDIN', '-', '', '0000-00-00', '', 'PETANI', '', '', '2021-06-09 12:07:43', 100),
(55, 'SALTUS SUI', '5315023112090003', '', '0000-00-00', '', 'PETANI', '', '', '2021-06-09 12:14:34', 101),
(56, 'KANISIUS ANGKUT', '5315022808080022', '', '0000-00-00', '', 'PETANI', '', '', '2021-06-09 12:22:21', 102),
(57, 'AMANDUS TATA KABIR', '5315080506180001', '', '0000-00-00', '', 'PETANI', '', '', '2021-06-09 12:29:20', 103),
(58, 'ANSELMUS SELAMAT', '5315020701090009', '', '0000-00-00', '', 'PETANI', '', '', '2021-06-09 12:40:25', 104),
(59, 'BLASIUS BAGUT', '5315021210090062', '', '0000-00-00', '', 'PETANI', '', '', '2021-06-09 03:17:38', 105),
(60, 'FERDINANDUS GILIR', '5315020808090004', '', '0000-00-00', '', 'PETANI', '', '', '2021-06-09 03:24:20', 106),
(61, 'STEFANUS NANGGUL', '5315020808090007', '', '0000-00-00', '', 'PETANI', '', '', '2021-06-09 03:29:34', 107),
(62, 'SILVESTER JANGGU', '5310032408100387', '', '0000-00-00', '', 'PETANI', '', '', '2021-06-09 03:35:22', 108),
(63, 'AGUSTINUS GAGU', '5315021210090061', '', '0000-00-00', '', 'PETANI', '', '', '2021-06-09 03:40:02', 109),
(64, 'PLASIDUS JENALU', '5315020511080015', '', '0000-00-00', '', 'PETANI', '', '', '2021-06-09 03:47:18', 110),
(65, 'NIKOLAU SANAR', '5315020901090035', '', '0000-00-00', '', 'PETANI', '', '', '2021-06-09 03:52:59', 111),
(66, 'ALOISIUS LALON', '-', '', '0000-00-00', '', 'PETANI', '', '', '2021-06-09 03:56:41', 112),
(67, 'STEFANUS JEHADUT', '5315020712110013', '', '0000-00-00', '', 'PETANI', '', '', '2021-06-09 04:37:11', 113),
(68, 'AGUSTINUS TULING', '5315021711090036', '', '0000-00-00', '', 'PETANI', '', '', '2021-06-09 04:54:57', 114),
(69, 'DAMIANUS DATAL', '5315022208090016', '', '0000-00-00', '', 'PETANI', '', '', '2021-07-05 10:02:57', 115),
(70, 'ALEKSIUS HANDAL', '5315020411090032', '', '0000-00-00', '', 'PETANI', '', '', '2021-06-11 08:09:58', 116),
(71, 'ANTONIUS BRAHI', '5315020210090014', '', '0000-00-00', '', 'PETANI', '', '', '2021-06-11 08:14:35', 117),
(72, 'ALEKSIUS PAS', '5310032308100296', '', '0000-00-00', '', 'PETANI', '', '', '2021-06-11 08:20:36', 118),
(73, 'PAULUS NAL', '5315020801090024', '', '0000-00-00', '', 'PETANI', '', '', '2021-06-11 08:25:59', 119),
(74, 'MARTINUS TARA', '5315020206090059', '', '0000-00-00', '', 'PETANI', '', '', '2021-06-11 08:30:50', 120),
(75, 'PERTUS DANGGUR', '5315020806090030', '', '0000-00-00', '', 'PETANI', '', '', '2021-06-11 08:37:18', 121),
(76, 'ANTONIUS KANGKANG', '5315020209080042', '', '0000-00-00', '', 'PETANI', '', '', '2021-06-11 08:44:02', 122),
(77, 'ADRIANUS JELANU', '5315020412090008', '', '0000-00-00', '', 'PETANI', '', '', '2021-06-11 08:49:24', 123),
(78, 'SIPRIANUS PAIT', '-', '', '0000-00-00', '', 'PETANI', '', '', '2021-06-11 08:54:27', 124),
(79, 'ARNOLDUS SEBAR', '5315021407090018', '', '0000-00-00', '', 'PETANI', '', '', '2021-06-11 08:58:58', 125),
(80, 'ALFONSIUS JEGAUT', '5315022904100004', '', '0000-00-00', '', 'PETANI', '', '', '2021-06-11 01:50:47', 126),
(81, 'LASARUS HARUT', '5315020406090031', '', '0000-00-00', '', 'PETANI', '', '', '2021-06-11 01:59:25', 127),
(82, 'LASARUS HARUT', '5315020406090031', '', '0000-00-00', '', 'PETANI', '', '', '2021-06-11 02:05:28', 128),
(83, 'MIKAEL PANJANG', '5315022901090055', '', '0000-00-00', '', 'PETANI', '', '', '2021-06-11 02:11:59', 129),
(84, 'FABIANUS JELA', '-', '', '0000-00-00', '', 'PETANI', '', '', '2021-06-11 02:25:03', 130),
(86, 'ANTONIUS TIMUR', '5310141908100103', '', '0000-00-00', '', 'PETANI', '', '', '2021-06-12 05:10:03', 132),
(87, '-', '-', '', '0000-00-00', '', '-', '', '', '2021-06-12 05:12:47', 133),
(88, '-', '-', '', '0000-00-00', '', '-', '', '', '2021-06-12 05:15:07', 134),
(89, '-', '-', '', '0000-00-00', '', '-', '', '', '2021-06-12 05:15:15', 144),
(90, 'MIKAEL JEWARUS', '5315062205150010', '', '0000-00-00', '', 'PETANI', '', '', '2021-06-12 05:20:00', 136),
(91, 'DORTEUS TILI', '5315021210090068', '', '0000-00-00', '', 'PETANI', '', '', '2021-06-12 05:27:01', 137),
(92, 'FRANSALESIUS UGAT', '53100313110120001', '', '0000-00-00', '', 'PETANI', '', '', '2021-06-12 05:33:55', 138),
(93, 'KANIIUS JAMPUR', '-', '', '0000-00-00', '', 'PETANI', '', '', '2021-06-12 05:38:49', 139),
(94, 'GABRIEL GAMBAR', '5315021910090020', '', '0000-00-00', '', 'PETANI', '', '', '2021-06-12 05:46:39', 140),
(95, 'SIMON SAMUEL WAGAL', '5315021807090016', '', '0000-00-00', '', 'PETANI', '', '', '2021-06-12 05:54:39', 141),
(96, 'LASARUS JEMADUN', '531502020206090045', '', '0000-00-00', '', 'PETANI', '', '', '2021-06-12 06:10:50', 142),
(99, 'ANTONIUS BUDIMAN SYUKUR', '5315021707090004', '', '0000-00-00', '', 'PETANI', '', '', '2021-06-14 10:24:12', 145),
(100, 'DAMEANUS DAUR', '5315022611090001', '', '0000-00-00', '', 'PETANI', '', '', '2021-06-14 03:31:08', 146),
(101, 'BENEDIKTUS RENDONG', '5315020105120015', '', '0000-00-00', '', 'PETANI', '', '', '2021-06-14 03:36:28', 147),
(103, 'DAMEANUS JEMAUN', '5315020105120020', '', '0000-00-00', '', 'PETANI', '', '', '2021-06-14 03:48:15', 149),
(104, 'FRANSISKUS JANGGUR', '5315021107110018', '', '0000-00-00', '', 'PETANI', '', '', '2021-06-14 03:54:44', 150),
(105, 'DONATUS DAN', '5315020611100003', '', '0000-00-00', '', 'PETANI', '', '', '2021-06-14 03:59:50', 151),
(106, 'NATANAEL DAMBUR', '5315022809100009', '', '0000-00-00', '', 'PETANI', '', '', '2021-06-14 04:06:26', 152),
(107, 'YOHANES BULAN', '5315020510090013', '', '0000-00-00', '', 'PETANI', '', '', '2021-06-14 04:14:07', 153),
(109, 'YOHANES JERADUT', '5310031908100522', '', '0000-00-00', '', 'PETANI', '', '', '2021-06-14 05:22:03', 155),
(111, 'DOMINIKUS OMAN', '5310031908100441', '', '0000-00-00', '', 'PETANI', '', '', '2021-06-14 05:41:29', 157),
(112, 'ALOISIUS MAN', '5315022407090004', '', '0000-00-00', '', 'PETANI', '', '', '2021-06-14 05:47:09', 158),
(113, 'BERTOLOMEUS BEDOR', '5315021509080049', '', '0000-00-00', '', 'PETANI', '', '', '2021-06-14 05:51:19', 159),
(114, 'ARNOLDUS DEMBO', '-', '', '0000-00-00', '', 'PETANI', '', '', '2021-06-14 05:55:30', 160),
(116, 'PAULUS JEMALU', '5315021604730002', '', '0000-00-00', '', 'PETANI', '', '', '2021-06-14 06:03:38', 162),
(117, 'ROFINUS MINGGU', '5315021212110005', '', '0000-00-00', '', 'PETANI', '', '', '2021-06-14 06:08:03', 163),
(118, 'ANTONIUS TONO', '5315023003090019', '', '0000-00-00', '', 'PETANI', '', '', '2021-06-14 06:12:15', 164),
(119, 'ALBERTUS ADI', '5315022803090001', '', '0000-00-00', '', 'PETANI', '', '', '2021-06-14 06:16:12', 165),
(120, 'ADRIANUS JEGALU', '5315022910090040', '', '0000-00-00', '', 'PETANI', '', '', '2021-06-14 06:23:04', 166),
(121, 'DARIUS DABUN', '5315010611100009', '', '0000-00-00', '', 'PETANI', '', '', '2021-06-14 06:31:56', 167),
(122, 'PETRUS DANGGUR', '5315020806090030', '', '0000-00-00', '', 'PETANI', '', '', '2021-06-14 06:40:53', 168),
(123, 'FRANSISKUS SABAN', '5315021511100009', '', '0000-00-00', '', 'PETANI', '', '', '2021-06-14 06:47:51', 169),
(124, 'ROMANUS MANTUR', '5315022911100004', '', '0000-00-00', '', 'PETANI', '', '', '2021-06-14 06:53:03', 170),
(125, 'KLEMENS TEO', '5315022708080055', '', '0000-00-00', '', 'PETANI', '', '', '2021-06-14 06:59:57', 171),
(126, 'STANISLAUS TATU', '-', '', '0000-00-00', '', 'PETANI', '', '', '2021-06-14 07:05:34', 172),
(128, 'LEONARDUS LADU', '-', '', '0000-00-00', '', 'PETANI', '', '', '2021-06-14 07:13:03', 174),
(129, 'ALFONSIUS JEBABU', '-', '', '0000-00-00', '', 'PETANI', '', '', '2021-06-14 07:22:31', 156),
(130, 'YEREMIAS VIRGON', '5315021810110005', '', '0000-00-00', '', 'PETANI', '', '', '2021-06-14 07:29:36', 176),
(132, '-', '5315022804100012', '', '0000-00-00', '', '-', '', '', '2021-06-15 09:37:44', 178),
(133, 'KORNELIS JEGAUT', '5315022503090009', '', '0000-00-00', '', 'PETANI', '', '', '2021-06-15 09:47:43', 179),
(134, 'SEBASTIANUS JENAHAN', '5315022107090044', '', '0000-00-00', '', 'PETANI', '', '', '2021-06-15 09:55:52', 180),
(135, 'SIPRIANUS TATU', '5315021807090028', '', '0000-00-00', '', 'PETANI', '', '', '2021-06-15 10:08:08', 181),
(136, 'KANISIUS BAHAS', '-', '', '0000-00-00', '', 'PETANI', '', '', '2021-06-15 10:29:13', 182),
(137, 'ADRIANUS TANGGUNG', '5310142008100035', '', '0000-00-00', '', 'PETANI', '', '', '2021-06-15 10:38:00', 183),
(138, 'DIONISIUS ALMAN', '5315021805100005', '', '0000-00-00', '', 'PETANI', '', '', '2021-06-15 10:47:39', 184),
(139, 'LASARUS JAWAR', '531502001100008', '', '0000-00-00', '', 'PETANI', '', '', '2021-06-15 10:54:55', 185),
(141, 'FERDINANDUS DANDUNG', '5315021706090038', '', '0000-00-00', '', 'PETANI', '', '', '2021-06-15 01:38:09', 187),
(143, 'ALOISIUS BANGGUR', '5310151908100201', '', '0000-00-00', '', 'PETANI', '', '', '2021-06-15 02:11:58', 189),
(144, 'NATANAEL DAMBUR', '-', '', '0000-00-00', '', 'PETANI', '', '', '2021-06-15 02:16:06', 190),
(145, 'YOHENES SYUKUR', '5315020308090015', '', '0000-00-00', '', 'PETANI', '', '', '2021-06-15 02:22:12', 191),
(146, 'STANISLAUS RUBEN', '-', '', '0000-00-00', '', 'PETANI', '', '', '2021-06-15 02:25:02', 192),
(147, 'ALEKSIUS TULUNG', '-', '', '0000-00-00', '', 'PETANI', '', '', '2021-06-15 02:28:58', 193),
(148, 'HERMANUS SURUNG', '5315020607110002', '', '0000-00-00', '', 'PETANI', '', '', '2021-06-15 03:24:38', 188),
(149, 'KOSMAS JELATU', '-', '', '0000-00-00', '', 'PETANI', '', '', '2021-06-15 03:30:49', 195),
(150, 'AGUSTINUS JEMIUN', '5315020509080036', '', '0000-00-00', '', 'PETANI', '', '', '2021-06-15 03:36:57', 196),
(151, '-', '-', '', '0000-00-00', '', '-', '', '', '2021-06-15 03:44:10', 197),
(152, '-', '-', '', '0000-00-00', '', '-', '', '', '2021-06-15 03:46:56', 198),
(153, '-', '-', '', '0000-00-00', '', '-', '', '', '2021-06-15 03:49:56', 199),
(154, 'ROFINUS NGASO', '-', '', '0000-00-00', '', 'PETANI', '', '', '2021-06-15 03:53:04', 200),
(155, '-', '-', '', '0000-00-00', '', '-', '', '', '2021-06-15 03:55:23', 201),
(156, 'FRANSISKUS JEHADUN', '-', '', '0000-00-00', '', '-', '', '', '2021-07-05 10:30:22', 202),
(157, 'MIKAE HAPAN', '5305021706090042', '', '0000-00-00', '', 'PETANI', '', '', '2021-06-15 04:08:09', 203),
(158, 'STEFANUS JEHAMI', '5315021111120003', '', '0000-00-00', '', 'PETANI', '', '', '2021-06-15 04:14:26', 204),
(159, 'AGUSTINUS NUWA', '5315021604090002', '', '0000-00-00', '', 'PETANI', '', '', '2021-06-15 04:20:24', 205),
(160, 'SILFESTER GABUR', '-', '', '0000-00-00', '', 'PETANI', '', '', '2021-06-16 11:02:58', 206),
(161, 'SAKARIAS  MADU', '-', '', '0000-00-00', '', 'PETANI', '', '', '2021-06-16 11:13:31', 207),
(162, 'YAHANES DAN', '-', '', '0000-00-00', '', 'PETANI', '', '', '2021-06-16 11:18:26', 208),
(163, '-', '5315022803090019', '', '0000-00-00', '', '-', '', '', '2021-06-18 07:09:08', 209),
(164, 'HENDRIKUS JEHADUT', '531502021302090028', '', '0000-00-00', '', 'PETANI', '', '', '2021-06-18 07:14:49', 210),
(165, 'MARTINUS ARUS', '5315023003090004', '', '0000-00-00', '', 'PETANI', '', '', '2021-06-18 07:18:23', 211),
(166, 'LEONARDUS MADUN', '5315021110100037', '', '0000-00-00', '', 'PETANI', '', '', '2021-06-18 07:23:09', 212),
(167, 'YOHANES RASUL', '5315021112080015', '', '0000-00-00', '', 'PETANI', '', '', '2021-06-18 07:27:37', 213),
(168, 'MARKUS MARUT', '5315021208090056', '', '0000-00-00', '', 'PETANI', '', '', '2021-06-18 07:32:17', 214),
(169, 'PAULUS SASAR', '5315022001090015', '', '0000-00-00', '', 'PETANI', '', '', '2021-06-18 07:38:32', 215),
(170, 'ARNOLDUS JELAHI', '5315020809080033', '', '0000-00-00', '', 'PETANI', '', '', '2021-06-18 07:42:57', 216),
(171, 'ANDRES JON', '5315020505090003', '', '0000-00-00', '', 'PETANI', '', '', '2021-06-18 07:46:38', 217),
(172, 'SIPRIANUS ANTUT', '5315010304090008', '', '0000-00-00', '', 'PETANI', '', '', '2021-06-18 07:50:57', 218),
(173, 'HERMAN JEMAUN', '531502300909002', '', '0000-00-00', '', 'PETANI', '', '', '2021-06-18 07:55:43', 219),
(174, 'ALEX ANDI', '5315061011080115', '', '0000-00-00', '', 'PETANI', '', '', '2021-06-18 08:00:07', 220),
(175, 'BERNADUS LABUT', '531502020209080029', '', '0000-00-00', '', 'PETANI', '', '', '2021-07-05 09:33:48', 221),
(176, 'ROFINUS JEGADUT', '5315020809080030', '', '0000-00-00', '', 'PETANI', '', '', '2021-06-18 08:13:31', 222),
(177, 'DAMIANUS DAGUN', '5315020310090053', '', '0000-00-00', '', 'PETANI', '', '', '2021-06-18 08:23:31', 223),
(178, 'DONATUS JEHALU', '5315023101100002', '', '0000-00-00', '', 'PETANI', '', '', '2021-06-18 08:27:46', 224),
(179, 'STANISLAUS FANTERU', '5315022706110004', '', '0000-00-00', '', 'PETANI', '', '', '2021-06-18 08:31:52', 225),
(180, 'AMBROSIUS JOMAL', '5315020206090050', '', '0000-00-00', '', 'PETANI', '', '', '2021-06-18 08:36:59', 226),
(181, 'BENYAMIN BIN ISMAIL', '5315012509080060', '', '0000-00-00', '', 'PETANI', '', '', '2021-06-18 08:42:30', 227),
(185, 'HENDRIKUS LAGUR', '5315022208080011', '', '0000-00-00', '', 'PETANI', '', '', '2021-06-18 09:37:54', 231),
(186, 'STEFANUS BARUT', '5315022705090021', '', '0000-00-00', '', 'PETANI', '', '', '2021-06-18 09:49:42', 232),
(187, 'ROFINUS JABAN', '5315012303110002', '', '0000-00-00', '', 'PETANI', '', '', '2021-06-18 10:00:32', 233),
(188, 'DONATUS JEHANA', '5315021212080024', '', '0000-00-00', '', 'PETANI', '', '', '2021-06-18 10:26:22', 234),
(189, 'ROFINUS RABU', '', '', '0000-00-00', '', 'PETANI', '', '', '2021-06-18 10:41:12', 235),
(190, 'MARTINUS JEHANI', '5315011506090006', '', '0000-00-00', '', 'PETANI', '', '', '2021-06-18 10:52:53', 236),
(191, 'MAKARIUS FON', '', '', '0000-00-00', '', 'PETANI', '', '', '2021-06-18 11:08:05', 237),
(192, 'TOMAS DADUT', '5315021712080025', '', '0000-00-00', '', 'PETANI', '', '', '2021-06-18 11:30:07', 238),
(194, 'TARSISIUS EDI', '', '', '0000-00-00', '', 'PETANI', '', '', '2021-06-18 11:52:55', 240),
(195, 'DAMIANUS JEMAUN', '5315021112080018', '', '0000-00-00', '', 'PETANI', '', '', '2021-06-18 11:58:40', 241),
(196, 'TITUS ANGGAL', '5315021212080019', '', '0000-00-00', '', 'PETANI', '', '', '2021-06-19 12:09:00', 242),
(197, 'REGIUS OKTOBRIS JEBABUN', '5315023001090005', '', '0000-00-00', '', 'PETANI', '', '', '2021-06-19 12:17:22', 243),
(198, 'LAMBERTUS JANA', '531502209080002', '', '0000-00-00', '', 'PETANI', '', '', '2021-06-19 12:23:57', 244),
(199, 'BLASIUS PARUS', '5315022010080002', '', '0000-00-00', '', 'PETANI', '', '', '2021-06-19 12:30:32', 245),
(200, 'DORTEUS MAHUR ', '5315021212080016', '', '0000-00-00', '', 'PETANI', '', '', '2021-06-19 12:45:41', 246),
(201, 'ANSEMUS JEHUDU', '5315022407090018', '', '0000-00-00', '', 'PETANI', '', '', '2021-06-19 12:54:25', 247),
(202, 'FLAFIANUS JEHANU', '5315022008090006', '', '0000-00-00', '', 'PETANI', '', '', '2021-07-05 10:01:56', 248),
(203, 'IGNASIUS JEBARU', '', '', '0000-00-00', '', '', '', '', '2021-06-19 01:03:36', 249),
(204, 'KOSMAS AMAL', '5315021707090002', '', '0000-00-00', '', 'PETANI', '', '', '2021-06-19 01:08:31', 250),
(205, '', '5310122603210006', '', '0000-00-00', '', '', '', '', '2021-06-19 09:45:17', 251),
(206, 'YOHANES JAKA', '5315020311090031', '', '0000-00-00', '', 'PETANI', '', '', '2021-06-19 10:15:01', 252),
(207, 'BRUNO NGGANGGUS', '5315022110090013', '', '0000-00-00', '', 'PETANI', '', '', '2021-06-19 10:46:35', 253),
(208, 'HERMAN DABUL', '5315022307090027', '', '0000-00-00', '', 'PETANI', '', '', '2021-06-21 09:46:18', 254),
(209, 'STANISLAUS JEHAMIN', '5315022803090016', '', '0000-00-00', '', 'PETANI', '', '', '2021-06-21 09:55:39', 255),
(210, 'PATRISIUS AMBUR', '5315021205090004', '', '0000-00-00', '', 'PETANI', '', '', '2021-06-21 10:07:53', 256),
(211, 'BELASIUS BARU', '5315020801090025', '', '0000-00-00', '', 'PETANI', '', '', '2021-06-21 10:15:46', 257),
(212, 'MARKUS NGABUT', '5315020211090002', '', '0000-00-00', '', 'PETANI', '', '', '2021-06-21 10:41:57', 258),
(213, 'FRANSISKUS GALIS', '5315021610090004', '', '0000-00-00', '', 'PETANI', '', '', '2021-06-21 11:44:29', 259),
(214, 'FRANSISKUS ANGGUR', '5315021710090021', '', '0000-00-00', '', 'PETANI', '', '', '2021-06-21 11:48:54', 260),
(215, 'mikael abut', '5315070906090027', '', '0000-00-00', '', 'PETANI', '', '', '2021-06-21 11:53:47', 261),
(216, 'KASMIR JEHALUT', '5315070906090007', '', '0000-00-00', '', 'PETANI', '', '', '2021-06-21 11:58:58', 262),
(217, 'MARTINUS TON', '5315071006090008', '', '0000-00-00', '', 'PETANI', '', '', '2021-06-21 12:03:12', 263),
(218, 'FRANSISKUS NAMBUT', '5315020712110009', '', '0000-00-00', '', 'PETANI', '', '', '2021-06-21 01:34:51', 264),
(219, 'BONEFASIUS JENALI', '5315020312090016', '', '0000-00-00', '', 'PETANI', '', '', '2021-06-21 01:39:40', 265),
(220, 'MARSEL JAVEN', '', '', '0000-00-00', '', 'PETANI', '', '', '2021-06-21 01:46:55', 266),
(221, 'TARSIUS NAJIN', '5315020209080046', '', '0000-00-00', '', 'PETANI', '', '', '2021-06-21 01:51:24', 267),
(222, 'YOSEPH MANDUT', '5315021712080040', '', '0000-00-00', '', 'PETANI', '', '', '2021-06-21 01:58:50', 268),
(223, 'LUSIANUS NABUN', '5315020207110039', '', '0000-00-00', '', 'PETANI', '', '', '2021-06-21 02:04:40', 269),
(224, 'AGUSTINUS ABUN', '5315020712110010', '', '0000-00-00', '', 'PETANI', '', '', '2021-06-21 02:10:11', 270),
(225, '', '', '', '0000-00-00', '', '', '', '', '2021-06-21 03:29:43', 271),
(226, '', '', '', '0000-00-00', '', '', '', '', '2021-06-21 03:32:59', 272),
(227, 'YOHANES LABUR', '5315023009100001', '', '0000-00-00', '', 'PETANI', '', '', '2021-06-21 09:13:47', 273),
(228, '-', '531502191010012', '', '0000-00-00', '', '', '', '', '2021-06-22 01:25:53', 274),
(229, 'DORTEUS ERO', '5315020410080032', '', '0000-00-00', '', 'PETANI', '', '', '2021-06-22 01:29:19', 275),
(230, 'MARTINUS BERHIMA', '5315070806090024', '', '0000-00-00', '', 'PETANI', '', '', '2021-06-22 01:33:05', 276),
(231, 'FERDINANDUS JEMAHAN', '5315020509080020', '', '0000-00-00', '', 'PETANI', '', '', '2021-06-22 01:37:18', 277),
(232, 'ZAKARIAS TEWAL', '5315021612080049', '', '0000-00-00', '', 'PETANI', '', '', '2021-06-22 01:40:42', 278),
(233, 'GABRIEL SABUT', '5315021108090025', '', '0000-00-00', '', 'PETANI', '', '', '2021-06-22 01:44:21', 279),
(234, 'TADEUS MURUT', '5315022201090019', '', '0000-00-00', '', 'PETANI', '', '', '2021-06-22 01:47:10', 280),
(236, 'TADEUS HAMU', '5315021706090026', '', '0000-00-00', '', 'PETANI', '', '', '2021-06-22 01:55:29', 299),
(237, '', '', '', '0000-00-00', '', '', '', '', '2021-06-22 05:06:15', 300),
(238, '', '', '', '0000-00-00', '', '', '', '', '2021-06-22 05:08:22', 301),
(239, '', '', '', '0000-00-00', '', '', '', '', '2021-06-22 05:10:54', 302),
(240, '', '', '', '0000-00-00', '', '', '', '', '2021-06-22 05:13:47', 303),
(248, 'Siprianus Ganggur', '5315022809110015', '', '0000-00-00', '', 'Petani', '', '', '2021-06-23 08:52:20', 311),
(249, '', '5315080209140018', '', '0000-00-00', '', '', '', '', '2021-06-23 09:02:56', 312),
(250, 'Aventinus Asing', '5315021612080014', '', '0000-00-00', '', 'Petani', '', '', '2021-06-23 09:12:26', 313),
(251, 'Yosep Nudin', '5315021612080023', '', '0000-00-00', '', 'Petani', '', '', '2021-06-23 09:22:48', 314),
(252, 'VINSENSIUS AGUN', '5315023005090-41', '', '0000-00-00', '', 'PETANI', '', '', '2021-06-23 09:38:46', 315),
(253, 'ROMANUS GADUT', '5315023005090037', '', '0000-00-00', '', 'PETANI', '', '', '2021-06-23 09:49:31', 316),
(254, 'VITUS LANGGUT', '5315023005090048', '', '0000-00-00', '', 'PETANI', '', '', '2021-06-23 09:55:23', 317),
(255, 'MARTINUS JEHABU', '5315020308090028', '', '0000-00-00', '', 'PETANI', '', '', '2021-06-23 10:04:21', 318),
(256, 'VALENTINUS RARU', '5319053007081622', '', '0000-00-00', '', 'PETANI', '', '', '2021-06-23 11:57:03', 319),
(257, 'valentinus abon', '5315011606100001', '', '0000-00-00', '', 'PETANI', '', '', '2021-06-23 02:21:54', 320),
(258, 'ANDREAS GANA', '5315010612110009', '', '0000-00-00', '', 'PETANI', '', '', '2021-06-23 02:26:00', 321),
(259, 'YOSEP JELAHU', '5315022208090019', '', '0000-00-00', '', 'PETANI', '', '', '2021-06-24 09:23:43', 322),
(260, 'FERDINANDUS KASMAN', '5310032808100041', '', '0000-00-00', '', 'PETANI', '', '', '2021-06-24 09:57:38', 323),
(261, 'BLASIUS NAGUT', '5315021806090056', '', '0000-00-00', '', 'PETANI', '', '', '2021-06-24 10:20:17', 324),
(262, 'KORNELIS GANDUT', '', '', '0000-00-00', '', 'PETANI', '', '', '2021-06-26 10:13:35', 325),
(263, 'BELASIUS MATUNG', '5315021311090012', '', '0000-00-00', '', 'PETANI', '', '', '2021-06-28 10:00:13', 326),
(264, 'YOHANES JEHATU', '5315011602110007', '', '0000-00-00', '', 'PETANI', '', '', '2021-06-28 10:24:11', 327),
(265, 'PETRUS BARUT', '5315022901110003', '', '0000-00-00', '', 'PETANI', '', '', '2021-06-28 10:29:16', 328),
(266, 'KANISIUS IMBU', '53150228030900031', '', '0000-00-00', '', 'PETANI', '', '', '2021-06-28 11:48:09', 329),
(267, 'BENEDIKTUS HAMAN', '5315021102100004', '', '0000-00-00', '', 'PETANI', '', '', '2021-06-28 11:53:07', 330),
(268, 'MARSELINUS LAHI', '5315011307090056', '', '0000-00-00', '', 'PETANI', '', '', '2021-07-05 11:31:17', 331),
(274, 'TITUS ANGKAT', '5315070608090015', '', '0000-00-00', '', 'PETANI', '', '', '2021-06-29 11:39:16', 333),
(275, 'PASKALIS SATIMAN', '5315021407090003', '', '0000-00-00', '', 'PETANI', '', '', '2021-06-29 11:44:37', 338),
(276, 'YOSEP SYUKUR', '5315011407090008', '', '0000-00-00', '', 'PETANI', '', '', '2021-06-29 11:50:31', 339),
(277, 'AGUSTINUS RANTAK', '5315021810110012', '', '0000-00-00', '', 'PETANI', '', '', '2021-06-29 12:29:13', 340),
(278, 'LARGUS HABUT', '5315020610090025', '', '0000-00-00', '', 'PETANI', '', '', '2021-06-29 12:34:09', 341),
(281, 'FITALIS NEBON', '5315021910090012', '', '0000-00-00', '', 'PETANI', '', '', '2021-06-29 01:00:56', 344),
(282, 'FALENSIUS KABELEN', '5315022505100001', '', '0000-00-00', '', 'PETANI', '', '', '2021-06-30 01:02:59', 345),
(283, 'URBANUS JERANU', '53150220011090039', '', '0000-00-00', '', 'PETANI', '', '', '2021-07-01 12:48:32', 346),
(284, 'YUVENSIUS JEHATU', '5315020102100003', '', '0000-00-00', '', 'PETANI', '', '', '2021-07-03 10:56:44', 347),
(285, 'IGNASIUS JEHABAT', '53150215111000001', '', '0000-00-00', '', 'PETANI', '', '', '2021-07-03 11:01:57', 348),
(286, 'ADOLFUS ASMAN', '5315020712110008', '', '0000-00-00', '', 'PETANI', '', '', '2021-07-03 11:07:08', 349),
(287, 'KALINTUS PANGGUL', '5315021512090004', '', '0000-00-00', '', 'PETANI', '', '', '2021-07-03 11:11:28', 350),
(288, 'KONTANTINUS TASI', '', '', '0000-00-00', '', 'PETANI', '', '', '2021-07-03 11:14:31', 351),
(289, 'YOSEP NOPONG', '5315022001090008', '', '0000-00-00', '', 'PETANI', '', '', '2021-07-03 11:19:13', 352),
(290, 'BERNADUS JARUT', '5315020308090020', '', '0000-00-00', '', 'PETANI', '', '', '2021-07-05 09:42:32', 353);

-- --------------------------------------------------------

--
-- Table structure for table `tb_bank`
--

CREATE TABLE `tb_bank` (
  `ID_Bank` int(11) NOT NULL,
  `Bank` varchar(30) NOT NULL,
  `No_Rek` varchar(30) NOT NULL,
  `Cabang` varchar(30) NOT NULL,
  `Atas_Nama` varchar(50) NOT NULL,
  `wu_bank` datetime NOT NULL,
  `ID_Siswa` int(11) NOT NULL
) ENGINE=InnoDB DEFAULT CHARSET=latin1;

-- --------------------------------------------------------

--
-- Table structure for table `tb_beasiswa`
--

CREATE TABLE `tb_beasiswa` (
  `ID_Beasiswa` int(11) NOT NULL,
  `Jenis` varchar(50) NOT NULL,
  `Ket` text NOT NULL,
  `Mulai` year(4) NOT NULL,
  `Selesai` year(4) NOT NULL,
  `wu_beasiswa` datetime NOT NULL,
  `ID_Siswa` int(11) NOT NULL
) ENGINE=InnoDB DEFAULT CHARSET=latin1;

-- --------------------------------------------------------

--
-- Table structure for table `tb_guru`
--

CREATE TABLE `tb_guru` (
  `ID_Guru` int(11) NOT NULL,
  `NIP` varchar(30) NOT NULL,
  `Guru` varchar(50) NOT NULL,
  `JK_Guru` varchar(15) NOT NULL,
  `Jenis_PTK` varchar(30) NOT NULL,
  `Status_Kepegawaian` text NOT NULL,
  `NO_HP_Wali` varchar(15) NOT NULL,
  `Email` varchar(50) NOT NULL,
  `Ijazah` varchar(10) NOT NULL,
  `Total_Jam` int(11) NOT NULL,
  `Gaji` int(11) NOT NULL,
  `Status` varchar(20) NOT NULL
) ENGINE=InnoDB DEFAULT CHARSET=latin1;

-- --------------------------------------------------------

--
-- Table structure for table `tb_ibu`
--

CREATE TABLE `tb_ibu` (
  `ID_Ibu` int(11) NOT NULL,
  `Ibu` varchar(50) NOT NULL,
  `NIK_Ibu` varchar(20) NOT NULL,
  `Tgl_Lahir_Ibu` date NOT NULL,
  `Pendidikan_Ibu` varchar(20) NOT NULL,
  `Pekerjaan_Ibu` varchar(50) NOT NULL,
  `Penghasilan_Ibu` varchar(50) NOT NULL,
  `KK_Ibu` varchar(30) NOT NULL,
  `wu_ibu` datetime NOT NULL,
  `ID_Siswa` int(11) NOT NULL
) ENGINE=InnoDB DEFAULT CHARSET=latin1;

--
-- Dumping data for table `tb_ibu`
--

INSERT INTO `tb_ibu` (`ID_Ibu`, `Ibu`, `NIK_Ibu`, `Tgl_Lahir_Ibu`, `Pendidikan_Ibu`, `Pekerjaan_Ibu`, `Penghasilan_Ibu`, `KK_Ibu`, `wu_ibu`, `ID_Siswa`) VALUES
(5, 'SITI MARIANI JAINA', '', '0000-00-00', '', 'PETANI', '', '', '2021-06-05 10:36:10', 50),
(6, 'ELISABET ISAM', '', '0000-00-00', '', 'MENGURUS RUMAH TANGGA', '', '', '2021-07-05 09:58:30', 51),
(7, 'SOVIA KEMAMU', '', '0000-00-00', '', 'MENGURUS RUMAH TANGGA', '', '', '2021-06-05 10:50:24', 52),
(9, 'ROS DAJAM', '', '0000-00-00', '', 'MENGURUS RUMAH TANGGA', '', '', '2021-06-05 03:02:26', 54),
(10, 'MERLINDA DAUL', '', '0000-00-00', '', 'MENGURUS RUMAH TANGGA', '', '', '2021-06-05 03:08:04', 55),
(11, 'BERGITA ANGUL', '', '0000-00-00', '', 'MENGURUS RUMAH TANGGA', '', '', '2021-06-07 02:35:10', 56),
(12, 'EMILIA JELIA', '', '0000-00-00', '', 'MENGURUS RUMAH TANGGA', '', '', '2021-06-07 02:40:36', 57),
(13, 'SERVIKA MURAK', '', '0000-00-00', '', 'MENGURUS RUMAH TANGGA', '', '', '2021-06-07 02:47:32', 58),
(14, 'AVENTROLIANA SEDIA', '', '0000-00-00', '', 'PETANI', '', '', '2021-06-07 02:52:24', 59),
(15, 'MARIA DIN', '', '0000-00-00', '', 'MENGURUS RUMAH TANGGA', '', '', '2021-07-07 03:56:56', 60),
(16, 'ELISABET MAMUT', '', '0000-00-00', '', 'PETANI', '', '', '2021-06-07 03:02:38', 61),
(17, 'TERSIA DALUS', '', '0000-00-00', '', 'MENGURUS RUMAH TANGGA', '', '', '2021-06-07 03:11:28', 62),
(18, 'DORKAS LEDA LERO', '', '0000-00-00', '', 'MENGURUS RUMAH TANGGA', '', '', '2021-06-07 03:16:46', 63),
(19, 'DORTEA NANUL', '', '0000-00-00', '', 'MENGURUS RUMAH TANGGA', '', '', '2021-06-07 03:20:45', 64),
(20, 'YUSTINA TIMA', '', '0000-00-00', '', 'MENGURUS RUMAH TANGGA', '', '', '2021-06-07 03:59:16', 65),
(21, 'BERNADETA TILDIS NONI', '', '0000-00-00', '', 'PETANI', '', '', '2021-06-07 04:03:50', 66),
(22, 'HELMINA MARMIN', '', '0000-00-00', '', 'MENGURUS RUMAH TANGGA', '', '', '2021-06-07 04:09:20', 67),
(23, 'TERESIA NURBAYA', '', '0000-00-00', '', 'MENGURUS RUMAH TANGGA', '', '', '2021-06-07 04:14:02', 68),
(26, 'BERGITA JENAUT', '', '0000-00-00', '', 'PETANI', '', '', '2021-06-07 05:36:36', 71),
(27, 'VALENSIA SALDI', '', '0000-00-00', '', 'MENGURUS RUMAH TANGGA', '', '', '2021-06-08 03:45:10', 72),
(28, 'KRISTINA SRIYANTI', '', '0000-00-00', '', 'PETANI', '', '', '2021-06-08 03:52:01', 73),
(29, 'NILUH SUKERNI ASIH', '', '0000-00-00', '', 'WIRASWASTA', '', '', '2021-06-08 03:56:09', 74),
(30, 'MARIA IMA', '', '0000-00-00', '', 'MENGURUS RUMAH TANGGA', '', '', '2021-06-08 04:00:05', 75),
(31, 'PETRONELA NIUS', '', '0000-00-00', '', 'PETANI', '', '', '2021-06-08 04:08:43', 76),
(33, 'YULIANA JENANUT', '', '0000-00-00', '', 'PETANI', '', '', '2021-06-08 04:20:01', 78),
(34, 'WIHELMINA RINI', '', '0000-00-00', '', 'PETANI', '', '', '2021-06-08 04:26:23', 79),
(36, 'SABINA MUMI', '', '0000-00-00', '', 'PETANI', '', '', '2021-06-08 04:37:44', 81),
(49, 'TERESIA INUL', '', '0000-00-00', '', 'PETANI', '', '', '2021-06-08 04:58:01', 94),
(50, 'ELISABET SETIA', '', '0000-00-00', '', 'PETANI', '', '', '2021-06-08 05:06:10', 84),
(51, 'YUSTINA HAMINA', '', '0000-00-00', '', 'PETANI', '', '', '2021-06-09 07:35:51', 96),
(52, 'BERNADITA PAUN', '', '0000-00-00', '', 'PETANI', '', '', '2021-06-09 07:54:11', 97),
(53, 'PAULINA MAMUS', '', '0000-00-00', '', 'MENGURUS RUMAH TANGGA', '', '', '2021-06-09 09:14:22', 98),
(54, 'BERNADETA SAIMAN', '', '0000-00-00', '', 'MENGURUS RUMAH TANGGA', '', '', '2021-06-09 09:29:40', 99),
(55, 'GORDIANA LAUS', '', '0000-00-00', '', 'MENGURUS RUMAH TANGGA', '', '', '2021-06-09 12:07:43', 100),
(56, 'SABINA RIAN', '', '0000-00-00', '', 'PETANI', '', '', '2021-06-09 12:14:34', 101),
(57, 'ROSALIA NAUL', '', '0000-00-00', '', 'PETANI', '', '', '2021-06-09 12:22:21', 102),
(58, 'MONIKA NIUT', '', '0000-00-00', '', 'PETANI', '', '', '2021-06-09 12:29:20', 103),
(59, 'VIKTORIA MARGARETA NINES', '', '0000-00-00', '', 'PETANI', '', '', '2021-06-09 12:40:25', 104),
(60, 'BERGITA MUN', '', '0000-00-00', '', 'MENGURUS RUMAH TANGGA', '', '', '2021-06-09 03:17:38', 105),
(61, 'YUSTINA JEMINA', '', '0000-00-00', '', 'PETANI', '', '', '2021-06-09 03:24:20', 106),
(62, 'AGNES ERFINA JUJUNG', '', '0000-00-00', '', 'PETANI', '', '', '2021-06-09 03:29:34', 107),
(63, 'DARIA JERIA', '', '0000-00-00', '', 'PETANI', '', '', '2021-06-09 03:35:22', 108),
(64, 'MARIA FATIMA', '', '0000-00-00', '', 'PETANI', '', '', '2021-06-09 03:40:02', 109),
(65, 'MARIA THERESIA DEO', '', '0000-00-00', '', 'PETANI', '', '', '2021-06-09 03:47:18', 110),
(66, 'SISILIA DAHUT', '', '0000-00-00', '', 'PETANI', '', '', '2021-06-09 03:52:59', 111),
(67, 'MARIA EVITA SAINA', '', '0000-00-00', '', 'PETANI', '', '', '2021-06-09 03:56:41', 112),
(68, 'KANDIDA JEMIMUN', '', '0000-00-00', '', 'MENGURUS RUMAH TANGGA', '', '', '2021-06-09 04:37:11', 113),
(69, 'YOSEPHINA MARLINA', '', '0000-00-00', '', 'MENGURUS RUMAH TANGGA', '', '', '2021-06-09 04:54:57', 114),
(70, 'KORNELIA RELI', '', '0000-00-00', '', 'PETANI', '', '', '2021-07-05 10:02:57', 115),
(71, 'MELANIA INTAN', '', '0000-00-00', '', 'PETANI', '', '', '2021-06-11 08:09:58', 116),
(72, 'ROFINA BUMBUNG', '', '0000-00-00', '', 'PETANI', '', '', '2021-06-11 08:14:35', 117),
(73, 'EDELTRUDIS NURTI', '', '0000-00-00', '', 'PETANI', '', '', '2021-06-11 08:20:36', 118),
(74, 'MARIA IMELDA NURWATI', '', '0000-00-00', '', '-', '', '', '2021-06-11 08:25:59', 119),
(75, 'YULIANA JEMANUS', '', '0000-00-00', '', 'PETANI', '', '', '2021-06-11 08:30:50', 120),
(76, 'ERMELINDA SETIA', '', '0000-00-00', '', 'PETANI', '', '', '2021-06-11 08:37:18', 121),
(77, 'VERONIKA JAIMAN', '', '0000-00-00', '', 'PETANI', '', '', '2021-06-11 08:44:02', 122),
(78, 'GODENSIA SETIA', '', '0000-00-00', '', 'MENGURUS RUMAH TANGGA', '', '', '2021-06-11 08:49:24', 123),
(79, 'YASINTA SURYATI', '', '0000-00-00', '', 'MENGURUS RUMAH TANGGA', '', '', '2021-06-11 08:54:27', 124),
(80, 'ELISABET NAMU', '', '0000-00-00', '', 'PETANI', '', '', '2021-06-11 08:58:58', 125),
(81, 'MERLIANA ALUS', '', '0000-00-00', '', 'PETANI', '', '', '2021-06-11 01:50:47', 126),
(82, 'VILEIMINA INDA', '', '0000-00-00', '', 'PETANI', '', '', '2021-06-11 01:59:25', 127),
(83, 'VILEIMINA INDA', '', '0000-00-00', '', 'PETANI', '', '', '2021-06-11 02:05:28', 128),
(84, 'EMERENSIANA IMAN', '', '0000-00-00', '', 'PETANI', '', '', '2021-06-11 02:11:59', 129),
(85, 'SUSANA JENIUT', '', '0000-00-00', '', 'PETANI', '', '', '2021-06-11 02:25:03', 130),
(87, 'MARIA FALENTIN FATIMA', '', '0000-00-00', '', 'PETANI', '', '', '2021-06-12 05:10:03', 132),
(88, '-', '', '0000-00-00', '', '-', '', '', '2021-06-12 05:12:47', 133),
(89, '-', '', '0000-00-00', '', '-', '', '', '2021-06-12 05:15:07', 134),
(90, '-', '', '0000-00-00', '', '-', '', '', '2021-06-12 05:15:15', 144),
(91, 'YASINTA IDERMANIUS', '', '0000-00-00', '', 'PETANI', '', '', '2021-06-12 05:20:00', 136),
(92, 'MELANIA GIN', '', '0000-00-00', '', 'PETANI', '', '', '2021-06-12 05:27:01', 137),
(93, 'EUSTAKIA BAHAGIA', '', '0000-00-00', '', 'PETANI', '', '', '2021-06-12 05:33:55', 138),
(94, 'IS DORA HAMUNG', '', '0000-00-00', '', 'PETANI', '', '', '2021-06-12 05:38:49', 139),
(95, 'MARIA BAUN', '', '0000-00-00', '', 'PETANI', '', '', '2021-06-12 05:46:39', 140),
(96, 'ELISABET JENI', '', '0000-00-00', '', 'PETANI', '', '', '2021-06-12 05:54:39', 141),
(97, 'REGINA IWA', '', '0000-00-00', '', 'PETANI', '', '', '2021-06-12 06:10:50', 142),
(100, 'BERTIANA NAJUT', '', '0000-00-00', '', 'PETANI', '', '', '2021-06-14 10:24:12', 145),
(101, 'FABIOLA BUNG', '', '0000-00-00', '', 'PETANI', '', '', '2021-06-14 03:31:08', 146),
(102, 'BERGITA UDIS', '', '0000-00-00', '', 'PETANI', '', '', '2021-06-14 03:36:28', 147),
(104, 'MARSELINA SELIMAN', '', '0000-00-00', '', 'PETANI', '', '', '2021-06-14 03:48:15', 149),
(105, 'SITI NURBAYA LINUR', '', '0000-00-00', '', 'PETANI', '', '', '2021-06-14 03:54:44', 150),
(106, 'KORNELI JEDIA', '', '0000-00-00', '', 'PETANI', '', '', '2021-06-14 03:59:50', 151),
(107, 'FERIANA MUNUR', '', '0000-00-00', '', 'MENGURUS RUMAH TANGGA', '', '', '2021-06-14 04:06:26', 152),
(108, 'SISILIA SAIMAN', '', '0000-00-00', '', 'PETANI', '', '', '2021-06-14 04:14:07', 153),
(110, 'ROMANA LALUS', '', '0000-00-00', '', 'PETANI', '', '', '2021-06-14 05:22:03', 155),
(112, 'YULIANA SINARTI BANUS', '', '0000-00-00', '', 'PETANI', '', '', '2021-06-14 05:41:29', 157),
(113, 'MONIKA SELI', '', '0000-00-00', '', 'PETANI', '', '', '2021-06-14 05:47:09', 158),
(114, 'FABIANA WASUL', '', '0000-00-00', '', 'PETANI', '', '', '2021-06-14 05:51:19', 159),
(115, 'MARIA  INA', '', '0000-00-00', '', 'PETANI', '', '', '2021-06-14 05:55:30', 160),
(117, 'MENTILDIS MIDA', '', '0000-00-00', '', 'PETANI', '', '', '2021-06-14 06:03:38', 162),
(118, 'REGINA NANUT', '', '0000-00-00', '', 'MENGURUS RUMAH TANGGA', '', '', '2021-06-14 06:08:03', 163),
(119, 'VERONIKA GANUNG', '', '0000-00-00', '', 'PETANI', '', '', '2021-06-14 06:12:15', 164),
(120, 'MARIA K. VATI', '', '0000-00-00', '', 'PETANI', '', '', '2021-06-14 06:16:12', 165),
(121, 'MELANIA AVE', '', '0000-00-00', '', 'PETANI', '', '', '2021-06-14 06:23:04', 166),
(122, 'ADEL ADEMAS', '', '0000-00-00', '', 'PETANI', '', '', '2021-06-14 06:31:56', 167),
(123, 'ERMELINDA SETIA', '', '0000-00-00', '', 'PETANI', '', '', '2021-06-14 06:40:53', 168),
(124, 'YULIANA JEMANUT', '', '0000-00-00', '', 'PETANI', '', '', '2021-06-14 06:47:51', 169),
(125, 'EVILIANA MANUT', '', '0000-00-00', '', 'PETANI', '', '', '2021-06-14 06:53:03', 170),
(126, 'NASTIANA IMUN', '', '0000-00-00', '', 'PETANI', '', '', '2021-06-14 06:59:57', 171),
(127, 'YUSTINA JAIL', '', '0000-00-00', '', 'PETANI', '', '', '2021-06-14 07:05:34', 172),
(129, 'ELISABET PANUK', '', '0000-00-00', '', 'PETANI', '', '', '2021-06-14 07:13:03', 174),
(130, 'LESTIANA DALUS', '', '0000-00-00', '', 'PETANI', '', '', '2021-06-14 07:22:31', 156),
(131, 'JENILIA GASUM', '', '0000-00-00', '', 'PETANI', '', '', '2021-06-14 07:29:36', 176),
(133, 'AGNES JENIA', '', '0000-00-00', '', 'PETANI', '', '', '2021-06-15 09:37:44', 178),
(134, 'FLAFIANA JENUE', '', '0000-00-00', '', 'PETANI', '', '', '2021-06-15 09:47:43', 179),
(135, 'HERMINA JEMINA', '', '0000-00-00', '', 'PETANI', '', '', '2021-06-15 09:55:52', 180),
(136, 'PETRONELA NINUL', '', '0000-00-00', '', 'PETANI', '', '', '2021-06-15 10:08:08', 181),
(137, 'PAULINA NAMUNG', '', '0000-00-00', '', 'PETANI', '', '', '2021-06-15 10:29:13', 182),
(138, 'KORNELIA ALUT', '', '0000-00-00', '', 'PETANI', '', '', '2021-06-15 10:38:00', 183),
(139, 'MELANIA JAJUL', '', '0000-00-00', '', 'PETANI', '', '', '2021-06-15 10:47:39', 184),
(140, 'IMAKULATA UDUN', '', '0000-00-00', '', 'PETANI', '', '', '2021-06-15 10:54:55', 185),
(142, 'ROFINA JELUHUT', '', '0000-00-00', '', 'PETANI', '', '', '2021-06-15 01:38:09', 187),
(144, 'SISILIA ALUS', '', '0000-00-00', '', 'PETANI', '', '', '2021-06-15 02:11:58', 189),
(145, 'VERIANA MUNUR', '', '0000-00-00', '', 'PETANI', '', '', '2021-06-15 02:16:06', 190),
(146, 'ANASTASIA NAMUR', '', '0000-00-00', '', 'PETANI', '', '', '2021-06-15 02:22:12', 191),
(147, 'AGNES RIHA', '', '0000-00-00', '', 'PETANI', '', '', '2021-06-15 02:25:02', 192),
(148, 'DOROTEA HELENI TEJE', '', '0000-00-00', '', 'PETANI', '', '', '2021-06-15 02:28:58', 193),
(149, 'SITILIA MURNI', '', '0000-00-00', '', 'PETANI', '', '', '2021-06-15 03:24:38', 188),
(150, 'ROFINA IMUT', '', '0000-00-00', '', 'PETANI', '', '', '2021-06-15 03:30:49', 195),
(151, 'ANGGALINA LADUNG', '', '0000-00-00', '', 'PETANI', '', '', '2021-06-15 03:36:57', 196),
(152, '-', '', '0000-00-00', '', '-', '', '', '2021-06-15 03:44:10', 197),
(153, '-', '', '0000-00-00', '', '-', '', '', '2021-06-15 03:46:56', 198),
(154, '-', '', '0000-00-00', '', '-', '', '', '2021-06-15 03:49:56', 199),
(155, 'MARIA EMILIA SANU', '', '0000-00-00', '', 'PETANI', '', '', '2021-06-15 03:53:04', 200),
(156, '-', '', '0000-00-00', '', '-', '', '', '2021-06-15 03:55:23', 201),
(157, '-', '', '0000-00-00', '', '-', '', '', '2021-07-05 10:30:22', 202),
(158, 'MARGARETA RIA', '', '0000-00-00', '', 'PETANI', '', '', '2021-06-15 04:08:09', 203),
(159, 'ADELTRUDIS AMIDA', '', '0000-00-00', '', 'PETANI', '', '', '2021-06-15 04:14:26', 204),
(160, 'LUSIA AMUL', '', '0000-00-00', '', 'PETANI', '', '', '2021-06-15 04:20:24', 205),
(161, 'BERGITA NINAT', '', '0000-00-00', '', 'PETANI', '', '', '2021-06-16 11:02:58', 206),
(162, 'BERNADETA MUN', '', '0000-00-00', '', 'PETANI', '', '', '2021-06-16 11:13:31', 207),
(163, 'MARIA IMA', '', '0000-00-00', '', 'PETANI', '', '', '2021-06-16 11:18:26', 208),
(164, 'BIBIANA BINUT', '', '0000-00-00', '', 'PETANI', '', '', '2021-06-18 07:09:08', 209),
(165, 'ELSIANA MBAENG', '', '0000-00-00', '', 'PETANI', '', '', '2021-06-18 07:14:49', 210),
(166, 'KORNELIA HAMUNG', '', '0000-00-00', '', 'PETANI', '', '', '2021-06-18 07:18:23', 211),
(167, 'LEDITA SAIMAN', '', '0000-00-00', '', 'PETANI', '', '', '2021-06-18 07:23:09', 212),
(168, 'MARTINA ERNI', '', '0000-00-00', '', 'PETANI', '', '', '2021-06-18 07:27:37', 213),
(169, 'ROMANA JEMINA', '', '0000-00-00', '', 'PETANI', '', '', '2021-06-18 07:32:17', 214),
(170, 'BIBIANA NUET', '', '0000-00-00', '', 'PETANI', '', '', '2021-06-18 07:38:32', 215),
(171, 'MARSELINA JELITA', '', '0000-00-00', '', 'PETANI', '', '', '2021-06-18 07:42:57', 216),
(172, 'ELISABET NANUR', '', '0000-00-00', '', 'PETANI', '', '', '2021-06-18 07:46:38', 217),
(173, 'EMILIA HADIA', '', '0000-00-00', '', 'PETANI', '', '', '2021-06-18 07:50:57', 218),
(174, 'MARIA YULITA JELITA', '', '0000-00-00', '', 'PETANI', '', '', '2021-06-18 07:55:43', 219),
(175, 'AGNES GAIMAS', '', '0000-00-00', '', 'PETANI', '', '', '2021-06-18 08:00:07', 220),
(176, 'FERONIKA NIMA', '', '0000-00-00', '', 'PETANI', '', '', '2021-07-05 09:33:48', 221),
(177, 'MARIA IMAKULATA', '', '0000-00-00', '', 'PETANI', '', '', '2021-06-18 08:13:31', 222),
(178, 'FENITA PADUNG', '', '0000-00-00', '', 'PETANI', '', '', '2021-06-18 08:23:31', 223),
(179, 'KAROLINA DAIMAN', '', '0000-00-00', '', 'PETANI', '', '', '2021-06-18 08:27:46', 224),
(180, 'SAFRIANA SUMARNI', '', '0000-00-00', '', 'PETANI', '', '', '2021-06-18 08:31:52', 225),
(181, 'MARSELINA HALIMA SETIA', '', '0000-00-00', '', 'PETANI', '', '', '2021-06-18 08:36:59', 226),
(182, 'BETIANA JEMINA', '', '0000-00-00', '', 'PETANI', '', '', '2021-06-18 08:42:30', 227),
(186, 'YOVOTA SUJU', '', '0000-00-00', '', 'PETANI', '', '', '2021-06-18 09:37:54', 231),
(187, 'WIHELMINA BIAN', '', '0000-00-00', '', 'PETANI', '', '', '2021-06-18 09:49:42', 232),
(188, 'WIHELMINA JIMA', '', '0000-00-00', '', 'PETANI', '', '', '2021-06-18 10:00:32', 233),
(189, 'NATALIA JIMAN', '', '0000-00-00', '', 'PETANI', '', '', '2021-06-18 10:26:22', 234),
(190, 'BIBIANA JEMIA', '', '0000-00-00', '', 'PETANI', '', '', '2021-06-18 10:41:12', 235),
(191, 'MELANIA NURTI', '', '0000-00-00', '', 'PETANI', '', '', '2021-06-18 10:52:53', 236),
(192, 'FERMINA DAMUN', '', '0000-00-00', '', 'PETANI', '', '', '2021-06-18 11:08:05', 237),
(193, 'BERNADETA ENI', '', '0000-00-00', '', 'PETANI', '', '', '2021-06-18 11:30:07', 238),
(195, '', '', '0000-00-00', '', '', '', '', '2021-06-18 11:52:55', 240),
(196, 'BERTA JINUT', '', '0000-00-00', '', 'PETANI', '', '', '2021-06-18 11:58:40', 241),
(197, 'ADRIANA DAIMAN', '', '0000-00-00', '', 'PETANI', '', '', '2021-06-19 12:09:00', 242),
(198, 'MARIA GORETI INR', '', '0000-00-00', '', 'PETANI', '', '', '2021-06-19 12:17:22', 243),
(199, 'MELIANA HAYATI', '', '0000-00-00', '', 'PETANI', '', '', '2021-06-19 12:23:57', 244),
(200, 'ROSLINDE ANUR', '', '0000-00-00', '', 'PETANI', '', '', '2021-06-19 12:30:32', 245),
(201, 'ROFINA SITI NURBAYA', '', '0000-00-00', '', 'PETANI', '', '', '2021-06-19 12:45:41', 246),
(202, 'MARGARETA RISKAN', '', '0000-00-00', '', 'PETANI', '', '', '2021-06-19 12:54:25', 247),
(203, 'FILOMENA LISA', '', '0000-00-00', '', 'PETANI', '', '', '2021-07-05 10:01:56', 248),
(204, '', '', '0000-00-00', '', '', '', '', '2021-06-19 01:03:36', 249),
(205, 'TERESIA HANUL', '', '0000-00-00', '', 'PETANI', '', '', '2021-06-19 01:08:31', 250),
(206, 'MARIA BERNADETA GAOL PIUT', '', '0000-00-00', '', 'MENGURUS RUMAH TANGGA', '', '', '2021-06-19 09:45:17', 251),
(207, 'ROSALIA DAIMA', '', '0000-00-00', '', 'PETANI', '', '', '2021-06-19 10:15:01', 252),
(208, 'FIKTORIA  JERIA', '', '0000-00-00', '', 'PETANI', '', '', '2021-06-19 10:46:35', 253),
(209, 'KRISTINA ONA', '', '0000-00-00', '', 'PETANI', '', '', '2021-06-21 09:46:18', 254),
(210, 'MAGDALENA JEMIA', '', '0000-00-00', '', 'MENGURUS RUMAH TANGGA', '', '', '2021-06-21 09:55:39', 255),
(211, 'PETRONELA JANUR', '', '0000-00-00', '', 'PETANI', '', '', '2021-06-21 10:07:53', 256),
(212, 'LIDINA HADIA FATIMA', '', '0000-00-00', '', 'PETANI', '', '', '2021-06-21 10:15:46', 257),
(213, 'GARDA MBUHENG', '', '0000-00-00', '', 'PETANI', '', '', '2021-06-21 10:41:57', 258),
(214, 'BIBIANA JINUT', '', '0000-00-00', '', 'PETANI', '', '', '2021-06-21 11:44:29', 259),
(215, 'HENDRIKA SMIA', '', '0000-00-00', '', 'PETANI', '', '', '2021-06-21 11:48:54', 260),
(216, 'EMILIA JEMINA', '', '0000-00-00', '', 'PETANI', '', '', '2021-06-21 11:53:47', 261),
(217, 'YUSTINA MINUL', '', '0000-00-00', '', 'PETANI', '', '', '2021-06-21 11:58:58', 262),
(218, 'ELISABET KUMIA NIMAT', '', '0000-00-00', '', 'PETANI', '', '', '2021-06-21 12:03:12', 263),
(219, 'MARIA IMAKULATA', '', '0000-00-00', '', 'PETANI', '', '', '2021-06-21 01:34:51', 264),
(220, 'ANASTASIA DIMUT', '', '0000-00-00', '', 'PETANI', '', '', '2021-06-21 01:39:40', 265),
(221, 'BERNADETA DUHED', '', '0000-00-00', '', 'PETANI', '', '', '2021-06-21 01:46:55', 266),
(222, 'HENDRIKA BAUH', '', '0000-00-00', '', 'PETANI', '', '', '2021-06-21 01:51:24', 267),
(223, 'KRISTINA JEDAUN', '', '0000-00-00', '', 'PETANI', '', '', '2021-06-21 01:58:50', 268),
(224, 'ESIDORA JENIUT', '', '0000-00-00', '', 'PETANI', '', '', '2021-06-21 02:04:40', 269),
(225, 'REGINA SIA', '', '0000-00-00', '', 'PETANI', '', '', '2021-06-21 02:10:11', 270),
(226, '', '', '0000-00-00', '', '', '', '', '2021-06-21 03:29:43', 271),
(227, '', '', '0000-00-00', '', '', '', '', '2021-06-21 03:32:59', 272),
(228, 'KORNELIA MIMU', '', '0000-00-00', '', 'PETANI', '', '', '2021-06-21 09:13:47', 273),
(229, 'ADELALIA GUNUR', '', '0000-00-00', '', 'PETANI', '', '', '2021-06-22 01:25:53', 274),
(230, 'WIHELMINA HANUT', '', '0000-00-00', '', 'PETANI', '', '', '2021-06-22 01:29:19', 275),
(231, 'KRISTINE NINE', '', '0000-00-00', '', 'PETANI', '', '', '2021-06-22 01:33:05', 276),
(232, 'EMERSIANA BANUL', '', '0000-00-00', '', 'PETANI', '', '', '2021-06-22 01:37:18', 277),
(233, 'KRISTINA MIMAT', '', '0000-00-00', '', 'PETANI', '', '', '2021-06-22 01:40:42', 278),
(234, 'BIATA MUET', '', '0000-00-00', '', 'PETANI', '', '', '2021-06-22 01:44:21', 279),
(235, 'TERSIA MINAL', '', '0000-00-00', '', 'PETANI', '', '', '2021-06-22 01:47:10', 280),
(237, 'MELANIA NIAT', '', '0000-00-00', '', 'PETANI', '', '', '2021-06-22 01:55:29', 299),
(238, '', '', '0000-00-00', '', '', '', '', '2021-06-22 05:06:15', 300),
(239, '', '', '0000-00-00', '', '', '', '', '2021-06-22 05:08:22', 301),
(240, '', '', '0000-00-00', '', '', '', '', '2021-06-22 05:10:54', 302),
(241, '', '', '0000-00-00', '', '', '', '', '2021-06-22 05:13:47', 303),
(249, 'Yustina Nunet', '', '0000-00-00', '', 'Petani', '', '', '2021-06-23 08:52:20', 311),
(250, 'Sabina Ngiju', '', '0000-00-00', '', 'Petani', '', '', '2021-06-23 09:02:56', 312),
(251, 'Ermilinda Mimat', '', '0000-00-00', '', 'Petani', '', '', '2021-06-23 09:12:26', 313),
(252, 'Imakulata Nganul', '', '0000-00-00', '', 'Petani', '', '', '2021-06-23 09:22:48', 314),
(253, 'ANASTASIA MAMUT', '', '0000-00-00', '', 'PETANI', '', '', '2021-06-23 09:38:46', 315),
(254, 'ALBINA VIN', '', '0000-00-00', '', 'PETANI', '', '', '2021-06-23 09:49:31', 316),
(255, 'BERNADETA NUNET', '', '0000-00-00', '', 'PETANI', '', '', '2021-06-23 09:55:23', 317),
(256, 'HENDRIKA GIDA', '', '0000-00-00', '', 'PETANI', '', '', '2021-06-23 10:04:21', 318),
(257, 'KORNELIA GORAS', '', '0000-00-00', '', 'PETANI', '', '', '2021-06-23 11:57:03', 319),
(258, 'WIHELMINA NURLIN', '', '0000-00-00', '', 'PETANI', '', '', '2021-06-23 02:21:54', 320),
(259, 'VIKTORIA ABIN', '', '0000-00-00', '', 'PETANI', '', '', '2021-06-23 02:26:00', 321),
(260, 'BIBIANA JENUNG', '', '0000-00-00', '', 'PETANI', '', '', '2021-06-24 09:23:43', 322),
(261, 'MARSELINA JURIA', '', '0000-00-00', '', 'PETANI', '', '', '2021-06-24 09:57:38', 323),
(262, 'EMELNI SAINA', '', '0000-00-00', '', 'PETANI', '', '', '2021-06-24 10:20:17', 324),
(263, 'BENEDIKTA IMA', '', '0000-00-00', '', 'PETANI', '', '', '2021-06-26 10:13:35', 325),
(264, 'EMIRENSIANA MEMOK', '', '0000-00-00', '', 'PETANI', '', '', '2021-06-28 10:00:13', 326),
(265, 'KRISTINA JENAUT', '', '0000-00-00', '', 'PETANI', '', '', '2021-06-28 10:24:11', 327),
(266, 'YOHANES JENIA', '', '0000-00-00', '', 'PETANI', '', '', '2021-06-28 10:29:16', 328),
(267, 'EMERENSIANA  SURYANTI', '', '0000-00-00', '', 'PETANI', '', '', '2021-06-28 11:48:09', 329),
(268, 'MAGDALENA SETIA', '', '0000-00-00', '', 'PETANI', '', '', '2021-06-28 11:53:07', 330),
(269, 'VINSENSIA ANUT', '', '0000-00-00', '', 'PETANI', '', '', '2021-07-05 11:31:17', 331),
(275, 'YULIANA MAMU', '', '0000-00-00', '', 'PETANI', '', '', '2021-06-29 11:39:16', 333),
(276, 'KORNELIA JEWIA', '', '0000-00-00', '', 'PETANI', '', '', '2021-06-29 11:44:37', 338),
(277, 'HELMINA JEMINA', '', '0000-00-00', '', 'PETANI', '', '', '2021-06-29 11:50:31', 339),
(278, 'VERONIKA SANUR', '', '0000-00-00', '', 'PETANI', '', '', '2021-06-29 12:29:13', 340),
(279, 'MELANIA MUMUL', '', '0000-00-00', '', 'PETANI', '', '', '2021-06-29 12:34:09', 341),
(282, 'DORTEA JETIA', '', '0000-00-00', '', 'PETANI', '', '', '2021-06-29 01:00:56', 344),
(283, 'ELSIANA ANUL', '', '0000-00-00', '', 'PETANI', '', '', '2021-06-30 01:02:59', 345),
(284, 'BERTA BUBUT', '', '0000-00-00', '', 'MENGURUS RUMAH TANGGA', '', '', '2021-07-01 12:48:32', 346),
(285, 'GETRUDIS GAMUR', '', '0000-00-00', '', 'PETANI', '', '', '2021-07-03 10:56:44', 347),
(286, 'ESTER NUER', '', '0000-00-00', '', 'PETANI', '', '', '2021-07-03 11:01:57', 348),
(287, 'APOLONIA KATARINA', '', '0000-00-00', '', 'PETANI', '', '', '2021-07-03 11:07:08', 349),
(288, 'BERNADETA NIUH', '', '0000-00-00', '', 'PETANI', '', '', '2021-07-03 11:11:28', 350),
(289, 'EVITA NURBAYA', '', '0000-00-00', '', 'PETANI', '', '', '2021-07-03 11:14:31', 351),
(290, 'HERLINDA DIDAS', '', '0000-00-00', '', 'PETANI', '', '', '2021-07-03 11:19:13', 352),
(291, 'MARIA JEMINA', '', '0000-00-00', '', 'PETANI', '', '', '2021-07-05 09:42:32', 353);

-- --------------------------------------------------------

--
-- Table structure for table `tb_jurusan`
--

CREATE TABLE `tb_jurusan` (
  `ID_Jurusan` int(2) NOT NULL,
  `Jurusan` varchar(60) NOT NULL,
  `Ketua` varchar(30) NOT NULL,
  `Sekretaris` varchar(30) NOT NULL,
  `No_HP` text NOT NULL
) ENGINE=InnoDB DEFAULT CHARSET=latin1;

--
-- Dumping data for table `tb_jurusan`
--

INSERT INTO `tb_jurusan` (`ID_Jurusan`, `Jurusan`, `Ketua`, `Sekretaris`, `No_HP`) VALUES
(1, 'ATPH', '', '', ''),
(2, 'ATR', '', '', ''),
(3, 'APAT', '', '', ''),
(4, 'RPL', '', '', '');

-- --------------------------------------------------------

--
-- Table structure for table `tb_kd`
--

CREATE TABLE `tb_kd` (
  `id_kd` int(11) NOT NULL,
  `id_mapel` int(11) NOT NULL,
  `ki` enum('KI-3','KI-4') NOT NULL,
  `kode_kd` varchar(10) NOT NULL,
  `keterangan` text NOT NULL,
  `status` enum('0','1') NOT NULL
) ENGINE=InnoDB DEFAULT CHARSET=latin1;

--
-- Dumping data for table `tb_kd`
--

INSERT INTO `tb_kd` (`id_kd`, `id_mapel`, `ki`, `kode_kd`, `keterangan`, `status`) VALUES
(1, 4, 'KI-3', '3.1', 'Memahami konsep teknologi aplikasi web', '1'),
(2, 4, 'KI-3', '3.2', 'Menerapkan format teks pada halaman web', '1'),
(3, 4, 'KI-3', '3.3', 'Menerapkan format tabel pada halaman web', '1'),
(4, 4, 'KI-3', '3.4', 'Menerapkan tampilan format multimedia pada halaman web', '1'),
(5, 4, 'KI-3', '3.5', 'Menerapkan format kaitan pada halaman web', '1'),
(6, 4, 'KI-3', '3.6', 'Menerapkan format formulir pada halaman web', '1'),
(7, 4, 'KI-3', '3.7', 'Menerapkan style  pada halaman web', '1'),
(8, 4, 'KI-3', '3.8', 'Memahami client side scripting dalam pemrograman web', '1'),
(9, 4, 'KI-3', '3.9', 'Menerapkan client side scripting pada halaman web interaktif', '1'),
(10, 4, 'KI-3', '3.10', 'Memahami teknologi aplikasi web server', '1'),
(11, 4, 'KI-3', '3.11', 'Menerapkan pemrograman server side scripting', '1'),
(12, 4, 'KI-3', '3.12', 'Menerapkan struktur kendali program', '1'),
(13, 4, 'KI-3', '3.13', 'Menerapkan fungsi dalam program', '1'),
(14, 4, 'KI-3', '3.14', 'Menerapkan library standar dalam program', '1'),
(15, 4, 'KI-3', '3.15', 'Mengevaluasi aplikasi interaktif pada web', '1'),
(16, 4, 'KI-4', '4.1', 'Mempresentasikan pelbagai teknologi pengembangan aplikasi web', '1'),
(17, 4, 'KI-4', '4.2', 'Membuat kode html untuk menampilkan teks dalam format tertentu pada halaman web', '1'),
(18, 4, 'KI-4', '4.3', 'Membuat kode html untuk menampilkan tabel pada halaman web', '1'),
(19, 4, 'KI-4', '4.4', 'Membuat kode html untuk menampilkan tampilan format multimedia pada halaman web', '1'),
(20, 4, 'KI-4', '4.5', 'Membuat kode html untuk menampilkan format kaitan pada halaman web', '1'),
(21, 4, 'KI-4', '4.6', 'Membuat kode html untuk menampilkan formulir pada halaman web', '1'),
(22, 4, 'KI-4', '4.7', 'Membuat kode html untuk menampilkan style tertentu pada halaman web', '1'),
(23, 4, 'KI-4', '4.8', 'Mempresentasikan client side scripting dalam pemrograman web', '1'),
(24, 4, 'KI-4', '4.9', 'Membuat halaman web interaktif menggunakan client side scripting', '1'),
(25, 4, 'KI-4', '4.10', 'Mempresentasikan teknologi aplikasi web server terhadap berbagai macam perangkat', '1'),
(26, 4, 'KI-4', '4.11', 'Membuat kode program pada server side scripting\r\n', '1'),
(27, 4, 'KI-4', '4.12', 'Membuat struktur kendali program', '1'),
(28, 4, 'KI-4', '4.13', 'Membuat kode fungsi dalam program', '1'),
(29, 4, 'KI-4', '4.14', 'Menggunakan library standar dalam program', '1'),
(30, 4, 'KI-4', '4.15', 'Memodifikasi aplikasi interaktif pada web', '1');

-- --------------------------------------------------------

--
-- Table structure for table `tb_kelas`
--

CREATE TABLE `tb_kelas` (
  `Name` text NOT NULL,
  `Tingkat_Kelas` varchar(4) NOT NULL,
  `ID_Kelas` int(11) NOT NULL,
  `Id_Jurusan` int(11) NOT NULL,
  `ID_Guru` int(11) NOT NULL
) ENGINE=MyISAM DEFAULT CHARSET=utf8;

--
-- Dumping data for table `tb_kelas`
--

INSERT INTO `tb_kelas` (`Name`, `Tingkat_Kelas`, `ID_Kelas`, `Id_Jurusan`, `ID_Guru`) VALUES
('X ATPH A', 'X', 1, 1, 1),
('X ATPH B', 'X', 2, 1, 2),
('XI ATPH A', 'XI', 3, 1, 3),
('XI ATPH B', 'XI', 4, 1, 4),
('X ATR A', 'X', 5, 2, 5),
('X ATR B', 'X', 6, 2, 6),
('XI ATR A', 'XI', 7, 2, 7),
('XI ATR B', 'XI', 8, 2, 8),
('X APAT', 'X', 9, 3, 9),
('XI APT', 'XI', 10, 3, 10),
('X RPL A', 'X', 11, 4, 11),
('X RPL B', 'X', 12, 4, 12),
('X RPL C', 'X', 13, 4, 13),
('XI RPL A', 'XI', 14, 4, 14),
('XI RPL B', 'XI', 15, 4, 15);

-- --------------------------------------------------------

--
-- Table structure for table `tb_keluar`
--

CREATE TABLE `tb_keluar` (
  `ID_Keluar` int(11) NOT NULL,
  `Karena` text NOT NULL,
  `Tanggal` date NOT NULL,
  `Alasan` text NOT NULL,
  `wu_keluar` datetime NOT NULL,
  `ID_Siswa` int(11) NOT NULL
) ENGINE=InnoDB DEFAULT CHARSET=latin1;

-- --------------------------------------------------------

--
-- Table structure for table `tb_kontak`
--

CREATE TABLE `tb_kontak` (
  `ID_Kontak` int(11) NOT NULL,
  `Tel_Rumah` varchar(12) NOT NULL,
  `No_HP` varchar(15) NOT NULL,
  `Email_Siswa` varchar(50) NOT NULL,
  `Facebook` varchar(50) NOT NULL,
  `wu_kontak` datetime NOT NULL,
  `ID_Siswa` int(11) NOT NULL
) ENGINE=InnoDB DEFAULT CHARSET=latin1;

--
-- Dumping data for table `tb_kontak`
--

INSERT INTO `tb_kontak` (`ID_Kontak`, `Tel_Rumah`, `No_HP`, `Email_Siswa`, `Facebook`, `wu_kontak`, `ID_Siswa`) VALUES
(50, '081331090505', '531502010816000', '-', '-', '2021-06-05 10:36:10', 50),
(51, '081337708479', '', '-', '-', '2021-07-05 09:58:30', 51),
(52, '-', '-', '-', '-', '2021-06-05 10:50:24', 52),
(54, '-', '-', '-', '-', '2021-06-05 03:02:26', 54),
(55, '+62 813-3981', '+62 813-3981-42', '-', '-', '2021-06-05 03:08:04', 55),
(56, '-', '-', '-', '-', '2021-06-07 02:35:10', 56),
(57, '-', '-', '-', '-', '2021-06-07 02:40:36', 57),
(58, '-', '-', '-', '-', '2021-06-07 02:47:32', 58),
(59, '', '-', '-', '-', '2021-06-07 02:52:24', 59),
(60, '-', '', '-', '-', '2021-07-07 03:56:56', 60),
(61, '-', '-', '-', '-', '2021-06-07 03:02:38', 61),
(62, '-', '-', '-', '-', '2021-06-07 03:11:28', 62),
(63, '-', '-', '-', '-', '2021-06-07 03:16:46', 63),
(64, '-', '-', '-', '-', '2021-06-07 03:20:45', 64),
(65, '-', '-', '-', '-', '2021-06-07 03:59:16', 65),
(66, '-', '-', '-', '-', '2021-06-07 04:03:50', 66),
(67, '-', '-', '-', '=', '2021-06-07 04:09:20', 67),
(68, '', '-', '-', '-', '2021-06-07 04:14:02', 68),
(71, '-', '-', '-', '-', '2021-06-07 05:36:36', 71),
(72, '-', '-', '-', '-', '2021-06-08 03:45:10', 72),
(73, '-', '-', '-', '-', '2021-06-08 03:52:01', 73),
(74, '-', '-', '-', '-', '2021-06-08 03:56:09', 74),
(75, '-', '-', '-', '-', '2021-06-08 04:00:05', 75),
(76, '-', '-', '-', '-', '2021-06-08 04:08:43', 76),
(78, '-', '-', '-', '-', '2021-06-08 04:20:01', 78),
(79, '-', '-', '-', '-', '2021-06-08 04:26:23', 79),
(81, '-', '-', '-', '-', '2021-06-08 04:37:44', 81),
(94, '-', '-', '-', '-', '2021-06-08 04:58:01', 94),
(95, '-', '-', '-', '-', '2021-06-08 05:06:10', 84),
(96, '081351666364', '082144785973', '-', '-', '2021-06-09 07:35:51', 96),
(97, '-', '081237026629', '-', '-', '2021-06-09 07:54:11', 97),
(98, '-', '-', '-', '-', '2021-06-09 09:14:22', 98),
(99, '-', '-', '-', '-', '2021-06-09 09:29:40', 99),
(100, '-', '-', '-', '-', '2021-06-09 12:07:43', 100),
(101, '-', '081338855911', '-', '-', '2021-06-09 12:14:34', 101),
(102, '-', '-', '-', '-', '2021-06-09 12:22:21', 102),
(103, '-', '081237128301', '-', '-', '2021-06-09 12:29:20', 103),
(104, '-', '-', '-', '-', '2021-06-09 12:40:25', 104),
(105, '-', '-', '-', '-', '2021-06-09 03:17:38', 105),
(106, '-', '-', '-', '-', '2021-06-09 03:24:20', 106),
(107, '-', '-', '-', '-', '2021-06-09 03:29:34', 107),
(108, '-', '-', '-', '-', '2021-06-09 03:35:22', 108),
(109, '-', '-', '-', '-', '2021-06-09 03:40:02', 109),
(110, '-', '-', '-', '-', '2021-06-09 03:47:18', 110),
(111, '-', '-', '-', '-', '2021-06-09 03:52:59', 111),
(112, '-', '-', '-', '-', '2021-06-09 03:56:41', 112),
(113, '-', '-', '-', '-', '2021-06-09 04:37:11', 113),
(114, '-', '-', '-', '-', '2021-06-09 04:54:57', 114),
(115, '-', '', '-', '-', '2021-07-05 10:02:57', 115),
(116, '-', '-', '-', '-', '2021-06-11 08:09:58', 116),
(117, '-', '-', '-', '-', '2021-06-11 08:14:35', 117),
(118, '-', '-', '-', '-', '2021-06-11 08:20:36', 118),
(119, '-', '-', '-', '-', '2021-06-11 08:25:59', 119),
(120, '-', '-', '-', '-', '2021-06-11 08:30:50', 120),
(121, '-', '-', '-', '-', '2021-06-11 08:37:18', 121),
(122, '-', '-', '-', '-', '2021-06-11 08:44:02', 122),
(123, '-', '-', '-', '-', '2021-06-11 08:49:24', 123),
(124, '-', '-', '-', '-', '2021-06-11 08:54:27', 124),
(125, '-', '-', '-', '-', '2021-06-11 08:58:58', 125),
(126, '-', '-', '-', '-', '2021-06-11 01:50:47', 126),
(127, '-', '-', '-', '-', '2021-06-11 01:59:25', 127),
(128, '-', '081353606607', '-', '-', '2021-06-11 02:05:28', 128),
(129, '-', '-', '-', '-', '2021-06-11 02:11:59', 129),
(130, '-', '-', '-', '-', '2021-06-11 02:25:03', 130),
(132, '-', '-', '-', '-', '2021-06-12 05:10:03', 132),
(133, '-', '-', '-', '-', '2021-06-12 05:12:47', 133),
(134, '-', '-', '-', '-', '2021-06-12 05:15:07', 134),
(135, '-', '-', '-', '-', '2021-06-12 05:15:15', 144),
(136, '-', '-', '-', '-', '2021-06-12 05:20:00', 136),
(137, '-', '-', '-', '-', '2021-06-12 05:27:01', 137),
(138, '-', '-', '-', '-', '2021-06-12 05:33:55', 138),
(139, '-', '-', '-', '-', '2021-06-12 05:38:49', 139),
(140, '-', '-', '-', '-', '2021-06-12 05:46:39', 140),
(141, '-', '-', '-', '-', '2021-06-12 05:54:39', 141),
(142, '-', '-', '-', '-', '2021-06-12 06:10:50', 142),
(145, '-', '-', '-', '-', '2021-06-14 10:24:12', 145),
(146, '-', '-', '-', '-', '2021-06-14 03:31:08', 146),
(147, '-', '-', '-', '-', '2021-06-14 03:36:28', 147),
(149, '-', '081337469741', '-', '-', '2021-06-14 03:48:15', 149),
(150, '-', '-', '-', '-', '2021-06-14 03:54:44', 150),
(151, '-', '-', '-', '-', '2021-06-14 03:59:50', 151),
(152, '-', '-', '-', '-', '2021-06-14 04:06:26', 152),
(153, '-', '-', '-', '-', '2021-06-14 04:14:07', 153),
(155, '-', '-', '-', '-', '2021-06-14 05:22:03', 155),
(157, '-', '-', '-', '-', '2021-06-14 05:41:29', 157),
(158, '-', '-', '-', '-', '2021-06-14 05:47:09', 158),
(159, '-', '-', '-', '-', '2021-06-14 05:51:19', 159),
(160, '-', '-', '-', '-', '2021-06-14 05:55:30', 160),
(162, '-', '-', '-', '-', '2021-06-14 06:03:38', 162),
(163, '-', '-', '-', '-', '2021-06-14 06:08:03', 163),
(164, '-', '-', '-', '-', '2021-06-14 06:12:15', 164),
(165, '-', '-', '-', '-', '2021-06-14 06:16:12', 165),
(166, '-', '-', '-', '-', '2021-06-14 06:23:04', 166),
(167, '-', '-', '-', '-', '2021-06-14 06:31:56', 167),
(168, '-', '-', '-', '-', '2021-06-14 06:40:53', 168),
(169, '-', '-', '-', '-', '2021-06-14 06:47:51', 169),
(170, '-', '-', '-', '-', '2021-06-14 06:53:03', 170),
(171, '-', '-', '-', '-', '2021-06-14 06:59:57', 171),
(172, '-', '-', '-', '-', '2021-06-14 07:05:34', 172),
(174, '-', '-', '-', '-', '2021-06-14 07:13:03', 174),
(175, '-', '-', '-', '-', '2021-06-14 07:22:31', 156),
(176, '', '-', '-', '-', '2021-06-14 07:29:36', 176),
(178, '-', '-', '-', '-', '2021-06-15 09:37:44', 178),
(179, '-', '-', '-', '-', '2021-06-15 09:47:43', 179),
(180, '-', '-', '-', '-', '2021-06-15 09:55:52', 180),
(181, '-', '-', '-', '-', '2021-06-15 10:08:08', 181),
(182, '-', '-', '-', '-', '2021-06-15 10:29:13', 182),
(183, '-', '-', '-', '-', '2021-06-15 10:38:00', 183),
(184, '-', '-', '-', '-', '2021-06-15 10:47:39', 184),
(185, '-', '-', '-', '-', '2021-06-15 10:54:55', 185),
(187, '', '-', '-', '-', '2021-06-15 01:38:09', 187),
(189, '-', '08138988598', '-', '-', '2021-06-15 02:11:58', 189),
(190, '-', '-', '-', '-', '2021-06-15 02:16:06', 190),
(191, '-', '-', '-', '-', '2021-06-15 02:22:12', 191),
(192, '', '', '', '', '2021-06-15 02:25:02', 192),
(193, '-', '-', '-', '-', '2021-06-15 02:28:58', 193),
(194, '-', '-', '-', '-', '2021-06-15 03:24:38', 188),
(195, '', '-', '-', '-', '2021-06-15 03:30:49', 195),
(196, '', '-', '-', '-', '2021-06-15 03:36:57', 196),
(197, '-', '-', '-', '-', '2021-06-15 03:44:10', 197),
(198, '-', '-', '-', '-', '2021-06-15 03:46:56', 198),
(199, '-', '-', '-', '-', '2021-06-15 03:49:56', 199),
(200, '-', '-', '-', '-', '2021-06-15 03:53:04', 200),
(201, '-', '-', '-', '-', '2021-06-15 03:55:23', 201),
(202, '-', '', '-', '-', '2021-07-05 10:30:22', 202),
(203, '', '', '-', '-', '2021-06-15 04:08:09', 203),
(204, '-', '-', '-', '-', '2021-06-15 04:14:26', 204),
(205, '-', '', '', '', '2021-06-15 04:20:24', 205),
(206, '-', '-', '-', '-', '2021-06-16 11:02:58', 206),
(207, '-', '-', '-', '-', '2021-06-16 11:13:31', 207),
(208, '-', '-', '-', '-', '2021-06-16 11:18:26', 208),
(209, '-', '-', '-', '-', '2021-06-18 07:09:08', 209),
(210, '-', '-', '-', '-', '2021-06-18 07:14:49', 210),
(211, '-', '-', '-', '-', '2021-06-18 07:18:23', 211),
(212, '-', '-', '-', '-', '2021-06-18 07:23:09', 212),
(213, '-', '-', '-', '-', '2021-06-18 07:27:37', 213),
(214, '', '082147187976', '-', '-', '2021-06-18 07:32:17', 214),
(215, '-', '-', '-', '-', '2021-06-18 07:38:32', 215),
(216, '-', '-', '-', '-', '2021-06-18 07:42:57', 216),
(217, '-', '-', '-', '-', '2021-06-18 07:46:38', 217),
(218, '', '-', '-', '-', '2021-06-18 07:50:57', 218),
(219, '', '-', '-', '-', '2021-06-18 07:55:43', 219),
(220, '-', '-', '-', '-', '2021-06-18 08:00:07', 220),
(221, '', '', '-', '-', '2021-07-05 09:33:48', 221),
(222, '', '-', '-', '-', '2021-06-18 08:13:31', 222),
(223, '-', '-', '-', '-', '2021-06-18 08:23:31', 223),
(224, '', '-', '-', '-', '2021-06-18 08:27:46', 224),
(225, '', '-', '-', '-', '2021-06-18 08:31:52', 225),
(226, '-', '-', '-', '-', '2021-06-18 08:36:59', 226),
(227, '-', '-', '-', '-', '2021-06-18 08:42:30', 227),
(231, '-', '-', '-', '-', '2021-06-18 09:37:54', 231),
(232, '', '', '', '', '2021-06-18 09:49:42', 232),
(233, '', '', '', '', '2021-06-18 10:00:32', 233),
(234, '', '', '', '', '2021-06-18 10:26:22', 234),
(235, '', '', '', '', '2021-06-18 10:41:12', 235),
(236, '', '', '', '', '2021-06-18 10:52:53', 236),
(237, '', '', '', '', '2021-06-18 11:08:05', 237),
(238, '', '', '', '', '2021-06-18 11:30:07', 238),
(240, '', '', '', '', '2021-06-18 11:52:55', 240),
(241, '', '', '', '', '2021-06-18 11:58:40', 241),
(242, '', '', '', '', '2021-06-19 12:09:00', 242),
(243, '', '', '', '', '2021-06-19 12:17:22', 243),
(244, '', '', '', '', '2021-06-19 12:23:57', 244),
(245, '', '', '', '', '2021-06-19 12:30:32', 245),
(246, '', '', '', '', '2021-06-19 12:45:41', 246),
(247, '', '', '', '', '2021-06-19 12:54:25', 247),
(248, '', '', '', '', '2021-07-05 10:01:56', 248),
(249, '', '', '', '', '2021-06-19 01:03:36', 249),
(250, '', '', '', '', '2021-06-19 01:08:31', 250),
(251, '-', '', '', '', '2021-06-19 09:45:17', 251),
(252, '', '', '', '', '2021-06-19 10:15:01', 252),
(253, '-', '', '', '', '2021-06-19 10:46:35', 253),
(254, '', '081353606126', '', '', '2021-06-21 09:46:18', 254),
(255, '', '', '', '', '2021-06-21 09:55:39', 255),
(256, '', '', '', '', '2021-06-21 10:07:53', 256),
(257, '', '', '', '', '2021-06-21 10:15:46', 257),
(258, '', '081216349282', '', '', '2021-06-21 10:41:57', 258),
(259, '', '', '', '', '2021-06-21 11:44:29', 259),
(260, '', '', '', '', '2021-06-21 11:48:54', 260),
(261, '', '', '', '', '2021-06-21 11:53:47', 261),
(262, '', '', '', '', '2021-06-21 11:58:58', 262),
(263, '', '', '', '', '2021-06-21 12:03:12', 263),
(264, '', '081313191285', '', '', '2021-06-21 01:34:51', 264),
(265, '', '081286497234', '', '', '2021-06-21 01:39:40', 265),
(266, '', '', '', '', '2021-06-21 01:46:55', 266),
(267, '', '', '', '', '2021-06-21 01:51:24', 267),
(268, '', '', '', '', '2021-06-21 01:58:50', 268),
(269, '', '', '', '', '2021-06-21 02:04:40', 269),
(270, '', '081337455972', '', '', '2021-06-21 02:10:11', 270),
(271, '', '', '', '', '2021-06-21 03:29:43', 271),
(272, '', '', '', '', '2021-06-21 03:32:59', 272),
(273, '081236078146', '', '', '', '2021-06-21 09:13:47', 273),
(274, '', '', '', '', '2021-06-22 01:25:53', 274),
(275, '', '', '', '', '2021-06-22 01:29:19', 275),
(276, '', '', '', '', '2021-06-22 01:33:05', 276),
(277, '', '081338691264', '', '', '2021-06-22 01:37:18', 277),
(278, '', '', '', '', '2021-06-22 01:40:42', 278),
(279, '', '', '', '', '2021-06-22 01:44:21', 279),
(280, '', '', '', '', '2021-06-22 01:47:10', 280),
(299, '', '', '', '', '2021-06-22 01:55:29', 299),
(300, '', '', '', '', '2021-06-22 05:06:15', 300),
(301, '', '', '', '', '2021-06-22 05:08:22', 301),
(302, '', '', '', '', '2021-06-22 05:10:54', 302),
(303, '', '', '', '', '2021-06-22 05:13:47', 303),
(311, '', '', '', '', '2021-06-23 08:52:20', 311),
(312, '', '', '', '', '2021-06-23 09:02:56', 312),
(313, '', '', '', '', '2021-06-23 09:12:26', 313),
(314, '', '', '', '', '2021-06-23 09:22:48', 314),
(315, '082144894084', '', '', '', '2021-06-23 09:38:46', 315),
(316, '081352396210', '', '', '', '2021-06-23 09:49:31', 316),
(317, '', '', '', '', '2021-06-23 09:55:23', 317),
(318, '', '', '', '', '2021-06-23 10:04:21', 318),
(319, '', '082116757997', '', '', '2021-06-23 11:57:03', 319),
(320, '', '', '', '', '2021-06-23 02:21:54', 320),
(321, '', '', '', '', '2021-06-23 02:26:00', 321),
(322, '', '', '', '', '2021-06-24 09:23:43', 322),
(323, '', '', '', '', '2021-06-24 09:57:38', 323),
(324, '', '', '', '', '2021-06-24 10:20:17', 324),
(325, '', '', '', '', '2021-06-26 10:13:35', 325),
(326, '081236711127', '', '', '', '2021-06-28 10:00:13', 326),
(327, '', '', '', '', '2021-06-28 10:24:11', 327),
(328, '', '', '', '', '2021-06-28 10:29:16', 328),
(329, '', '', '', '', '2021-06-28 11:48:09', 329),
(330, '', '', '', '', '2021-06-28 11:53:07', 330),
(331, '082144368939', '082147347488', '', '', '2021-07-05 11:31:17', 331),
(337, '', '', '', '', '2021-06-29 11:39:16', 333),
(338, '', '082137786617', '', '', '2021-06-29 11:44:37', 338),
(339, '', '082137786617', '', '', '2021-06-29 11:50:31', 339),
(340, '', '', '', '', '2021-06-29 12:29:13', 340),
(341, '', '', '', '', '2021-06-29 12:34:09', 341),
(344, '', '', '', '', '2021-06-29 01:00:56', 344),
(345, '081246013418', '081246103212', '', '', '2021-06-30 01:02:59', 345),
(346, '', '', '', '', '2021-07-01 12:48:32', 346),
(347, '', '081238792209', '', '', '2021-07-03 10:56:44', 347),
(348, '', '081271440878', '', '', '2021-07-03 11:01:57', 348),
(349, '', '081246647631', '', '', '2021-07-03 11:07:08', 349),
(350, '', '081237098719', '', '', '2021-07-03 11:11:28', 350),
(351, '', '', '', '', '2021-07-03 11:14:31', 351),
(352, '', '082137273120', '', '', '2021-07-03 11:19:13', 352),
(353, '', '', '', '', '2021-07-05 09:42:32', 353);

-- --------------------------------------------------------

--
-- Table structure for table `tb_mapel`
--

CREATE TABLE `tb_mapel` (
  `ID_Mapel` int(11) NOT NULL,
  `kode_mapel` varchar(10) NOT NULL,
  `Mapel` varchar(100) NOT NULL,
  `Kelompok` varchar(30) NOT NULL,
  `jam` int(11) NOT NULL,
  `Tingkat` varchar(10) NOT NULL
) ENGINE=InnoDB DEFAULT CHARSET=latin1;

--
-- Dumping data for table `tb_mapel`
--

INSERT INTO `tb_mapel` (`ID_Mapel`, `kode_mapel`, `Mapel`, `Kelompok`, `jam`, `Tingkat`) VALUES
(1, 'MAT', 'Matematika', 'Umum', 4, 'X'),
(2, 'PEMDAS', 'Pemrograman Dasar', 'Produktif', 3, 'X'),
(4, 'PEWE', 'Pemrograman Web dan Perangkat Bergerak', 'Produktif', 6, 'XI');

-- --------------------------------------------------------

--
-- Table structure for table `tb_periodik`
--

CREATE TABLE `tb_periodik` (
  `ID_Periodik` int(11) NOT NULL,
  `Tinggi` varchar(10) NOT NULL,
  `Berat` varchar(10) NOT NULL,
  `Jarak_Tempat` varchar(12) NOT NULL,
  `Waktu_Tempuh` varchar(12) NOT NULL,
  `Kandung` varchar(12) NOT NULL,
  `wu_periodik` datetime NOT NULL,
  `ID_Siswa` int(11) NOT NULL
) ENGINE=InnoDB DEFAULT CHARSET=latin1;

-- --------------------------------------------------------

--
-- Table structure for table `tb_prestasi`
--

CREATE TABLE `tb_prestasi` (
  `ID_Prestasi` int(11) NOT NULL,
  `Tingkat` varchar(30) NOT NULL,
  `Prestasi` varchar(100) NOT NULL,
  `Tahun` varchar(5) NOT NULL,
  `Penyelenggara` varchar(100) NOT NULL,
  `Peringkat` varchar(5) NOT NULL,
  `wu_prestasi` datetime NOT NULL,
  `ID_Siswa` int(11) NOT NULL
) ENGINE=InnoDB DEFAULT CHARSET=latin1;

-- --------------------------------------------------------

--
-- Table structure for table `tb_pribadi`
--

CREATE TABLE `tb_pribadi` (
  `ID_Siswa` int(11) NOT NULL,
  `no_daftar` varchar(30) NOT NULL,
  `Nama` varchar(100) NOT NULL,
  `JK` varchar(10) NOT NULL,
  `NISN` varchar(20) NOT NULL,
  `NIK` varchar(20) NOT NULL,
  `Tempat_Lahir` varchar(50) NOT NULL,
  `Tanggal_Lahir` date NOT NULL,
  `No_Akta` varchar(20) NOT NULL,
  `Agama` varchar(20) NOT NULL,
  `Kewarganegaraan` varchar(50) NOT NULL,
  `Kebutuhan_Khusus` varchar(50) NOT NULL,
  `Alamat` varchar(50) NOT NULL,
  `RT` varchar(5) NOT NULL,
  `RW` varchar(5) NOT NULL,
  `Desa` varchar(30) NOT NULL,
  `Kel` varchar(30) NOT NULL,
  `Kec` varchar(30) NOT NULL,
  `Kota_Kab` varchar(30) NOT NULL,
  `Kode_Pos` int(11) NOT NULL,
  `Lintang` varchar(10) NOT NULL,
  `Bujur` varchar(10) NOT NULL,
  `Tinggal` varchar(50) NOT NULL,
  `Transportasi` varchar(50) NOT NULL,
  `KKS` varchar(20) NOT NULL,
  `Anak_Ke` int(5) NOT NULL,
  `Terima_KPS` varchar(5) NOT NULL,
  `No_KPS` varchar(30) NOT NULL,
  `Terima_KIP` varchar(5) NOT NULL,
  `No_KIP` varchar(30) NOT NULL,
  `Tertera` varchar(50) NOT NULL,
  `Alasan` text NOT NULL,
  `wu_pribadi` datetime NOT NULL
) ENGINE=InnoDB DEFAULT CHARSET=latin1;

--
-- Dumping data for table `tb_pribadi`
--

INSERT INTO `tb_pribadi` (`ID_Siswa`, `no_daftar`, `Nama`, `JK`, `NISN`, `NIK`, `Tempat_Lahir`, `Tanggal_Lahir`, `No_Akta`, `Agama`, `Kewarganegaraan`, `Kebutuhan_Khusus`, `Alamat`, `RT`, `RW`, `Desa`, `Kel`, `Kec`, `Kota_Kab`, `Kode_Pos`, `Lintang`, `Bujur`, `Tinggal`, `Transportasi`, `KKS`, `Anak_Ke`, `Terima_KPS`, `No_KPS`, `Terima_KIP`, `No_KIP`, `Tertera`, `Alasan`, `wu_pribadi`) VALUES
(50, 'SMKN1KUWUS/PPDB/2021-50', 'MARCELA SEPHIRA JUHANI', 'Perempuan', '-', '5315026909050002', 'PORONG TEDENG', '2005-09-29', '', 'Kristen Katolik', '', '', 'PORONG TEDENG', '', '', '', 'COAL', 'KUWUS', 'Manggarai Barat', 0, '', '', '', '', '', 0, '', '', '', '', '', '', '2021-06-05 10:36:10'),
(51, 'SMKN1KUWUS/PPDB/2021-51', 'APRIANI ARNESTA', 'Perempuan', '1234567890', '5315026704050004', 'PORONG TEDENG', '2005-04-27', '', 'Kristen Katolik', '', '', 'PORONG TEDENG', '', '', '', 'DESA COA', 'KUWUS', 'Manggarai Barat', 0, '', '', '', '', '', 0, '', '', '', '', '', '', '2021-07-05 09:58:30'),
(52, 'SMKN1KUWUS/PPDB/2021-52', 'STEFANUS BOTA BORO', 'Laki-Laki', '-', '5315022907050001', 'PORONG TEDENG', '2005-07-29', '', 'Kristen Katolik', '', '', 'PORONG TEDENG', '', '', '', 'COAL', 'KUWUS', 'Manggarai Barat', 0, '', '', '', '', '', 0, '', '', '', '', '', '', '2021-06-05 10:50:24'),
(54, 'SMKN1KUWUS/PPDB/2021-54', 'OKTAFIANA KARTINI', 'Perempuan', '0052202888', '531502010050007', 'SANO', '2005-10-10', '', 'Kristen Katolik', '', '', 'SANO', '', '', '', 'MOMOL', 'NDOSO', 'Manggarai Barat', 0, '', '', '', '', '', 0, '', '', '', '', '', '', '2021-06-05 03:02:26'),
(55, 'SMKN1KUWUS/PPDB/2021-55', 'FLORIANUS LAYADI', 'Laki-Laki', '0048962353', '5315022006040006', 'SANO', '2004-06-20', '', 'Kristen Katolik', '', '', 'SANO', '', '', '', 'MOMOL', 'KUWUS', 'Manggarai Barat', 0, '', '', '', '', '', 0, '', '', '', '', '', '', '2021-06-05 03:08:04'),
(56, 'SMKN1KUWUS/PPDB/2021-56', 'YOHANA MARNI', 'Perempuan', '\"0053079820', '5315024704050012', 'sano', '2005-04-07', '', 'Kristen Katolik', '', '', 'sano', '', '', '', 'momo', 'ndoso', 'Manggarai Barat', 0, '', '', '', '', '', 0, '', '', '', '', '', '', '2021-06-07 02:35:10'),
(57, 'SMKN1KUWUS/PPDB/2021-57', 'MAKRINA DIJUL', 'Perempuan', '\"0047034448', '5315025812040007', 'WETIK', '2004-12-18', '', 'Kristen Katolik', '', '', 'WETIK', '', '', '', 'GOLORIWU', 'KUWUS BARAT', 'Manggarai Barat', 0, '', '', '', '', '', 0, '', '', '', '', '', '', '2021-06-07 02:40:36'),
(58, 'SMKN1KUWUS/PPDB/2021-58', 'GERFASIUS JEBIDO', 'Laki-Laki', '\"0065693714', '5315021906060004', 'JEONG', '2006-06-19', '', 'Kristen Katolik', '', '', 'GOLOWELU', '', '', '', '-', 'KUWUS', 'Manggarai Barat', 0, '', '', '', '', '', 0, '', '', '', '', '', '', '2021-06-07 02:47:32'),
(59, 'SMKN1KUWUS/PPDB/2021-59', 'MARIA DELI GORI', 'Perempuan', '0047505448', '53150203111060002', 'TENGKER', '2004-08-01', '', 'Kristen Katolik', '', '', 'WERIK', '', '', '', 'GOLORIWU', 'KUWUS', 'Manggarai Barat', 0, '', '', '', '', '', 0, '', '', '', '', '', '', '2021-06-07 02:52:24'),
(60, 'SMKN1KUWUS/PPDB/2021-60', 'ALFONSIUS PON', 'Laki-Laki', '0039268244', '5315023005030007', 'COAL', '2003-05-03', '', 'Kristen Katolik', '', '', 'COAL', '', '', '', 'COAL', 'KUWUS', 'Manggarai Barat', 0, '', '', '', '', '', 0, '', '', '', '', '', '', '2021-07-07 03:56:56'),
(61, 'SMKN1KUWUS/PPDB/2021-61', 'YULIANA AMUL', 'Perempuan', '00416221169', '5315025706040007', 'NTALUNG', '2004-06-17', '', 'Kristen Katolik', '', '', 'COAL', '', '', '', 'COAL', 'KUWUS', 'Manggarai Barat', 0, '', '', '', '', '', 0, '', '', '', '', '', '', '2021-06-07 03:02:38'),
(62, 'SMKN1KUWUS/PPDB/2021-62', 'YUSTINA ALVE', 'Perempuan', '0061886695', '5315025405060002', 'WETIK', '2006-05-14', '', 'Kristen Katolik', '', '', 'WETIK', '', '', '', 'GOLORIWU', 'KUWUS BARAT', 'Manggarai Barat', 0, '', '', '', '', '', 0, '', '', '', '', '', '', '2021-06-07 03:11:28'),
(63, 'SMKN1KUWUS/PPDB/2021-63', 'CHRISTINE STEFANIA YOLIDA', 'Perempuan', '0054550039', '5315025711060001', 'SUMBA', '2005-12-17', '', 'Kristen Katolik', '', '', 'COAL', '', '', '', 'COAL', 'KUWUS', 'Manggarai Barat', 0, '', '', '', '', '', 0, '', '', '', '', '', '', '2021-06-07 03:16:46'),
(64, 'SMKN1KUWUS/PPDB/2021-64', 'HELENA SARIANTI GANUT', 'Perempuan', '0053838904', '5315024511050004', 'NTALUNG', '2005-05-11', '', 'Kristen Katolik', '', '', 'COAL', '', '', '', 'COAL', 'KUWUS', 'Manggarai Barat', 0, '', '', '', '', '', 0, '', '', '', '', '', '', '2021-06-07 03:20:45'),
(65, 'SMKN1KUWUS/PPDB/2021-65', 'OKTAFIANI MARIA WULAN SARI', 'Perempuan', '-', '-', 'WELA', '2006-01-01', '', 'Kristen Katolik', '', '', ',WELA', '', '', '', 'GOLOWOROK', 'RUTENG', 'Manggarai', 0, '', '', '', '', '', 0, '', '', '', '', '', '', '2021-06-07 03:59:16'),
(66, 'SMKN1KUWUS/PPDB/2021-66', 'DONATUS ESIDOLIN CROSONG', 'Laki-Laki', '0057987860', '5315020605050004', 'WANING', '2005-08-07', '', 'Kristen Katolik', '', '', 'WANING', '', '', '', 'WANING', 'NDOSO', 'Manggarai Barat', 0, '', '', '', '', '', 0, '', '', '', '', '', '', '2021-06-07 04:03:50'),
(67, 'SMKN1KUWUS/PPDB/2021-67', 'MARIA JENILITA NGGOWA', 'Perempuan', '0045643691', '5315025101050005', 'WANING', '2005-01-11', '', 'Kristen Katolik', '', '', 'KOLONG', '', '', '', 'KOLONG', 'NDOSO', 'Manggarai Barat', 0, '', '', '', '', '', 0, '', '', '', '', '', '', '2021-06-07 04:09:20'),
(68, 'SMKN1KUWUS/PPDB/2021-68', 'GERENSIUS FANTURA', 'Laki-Laki', '0063545959', '5315020905060002', 'WANING', '2006-05-09', '', 'Kristen Katolik', '', '', 'WANING', '', '', '', 'WANING', 'NDOSO', 'Manggarai Barat', 0, '', '', '', '', '', 0, '', '', '', '', '', '', '2021-06-07 04:14:02'),
(71, 'SMKN1KUWUS/PPDB/2021-71', 'ATANASIUS ANDUR', 'Laki-Laki', '-', '-', 'REMBONG', '2005-05-01', '', 'Kristen Katolik', '', '', 'REMBONG', '', '', '', 'DIMPONG', 'RAHONG UTARA', 'Manggarai Barat', 0, '', '', '', '', '', 0, '', '', '', '', '', '', '2021-06-07 05:36:36'),
(72, 'SMKN1KUWUS/PPDB/2021-72', 'FLAVIANA PRATIWI', 'Perempuan', '-', '5315024410060001', 'LAMBUR', '2006-10-04', '', 'Kristen Katolik', '', '', 'LAMBUR', '', '', '', 'PANGGA', 'KUWUS', 'Manggarai Barat', 0, '', '', '', '', '', 0, '', '', '', '', '', '', '2021-06-08 03:45:10'),
(73, 'SMKN1KUWUS/PPDB/2021-73', 'TERESIA AVIANA SONIA', 'Perempuan', '-', '5315026504070004', 'LAMBUR', '2007-04-25', '', 'Kristen Katolik', '', '', 'LAMBUR', '', '', '', 'PANGGA', 'KUWUS', 'Manggarai Barat', 0, '', '', '', '', '', 0, '', '', '', '', '', '', '2021-06-08 03:52:01'),
(74, 'SMKN1KUWUS/PPDB/2021-74', 'I MADE DENNY CKRISNA DWIPAYANA', 'Laki-Laki', '-', '-', 'PANCASARI', '2006-03-19', '', 'Hindu', '', '', 'GOLOWELU', '', '', '', '-', 'KUWUS', 'Manggarai Barat', 0, '', '', '', '', '', 0, '', '', '', '', '', '', '2021-06-08 03:56:09'),
(75, 'SMKN1KUWUS/PPDB/2021-75', 'FITRI SARIANTI JEHATU', 'Perempuan', '0069368447', '5315021111100006', 'COAL', '2005-04-14', '', 'Kristen Katolik', '', '', 'COAL', '', '', '', 'COAL', 'KUWUS', 'Manggarai Barat', 0, '', '', '', '', '', 0, '', '', '', '', '', '', '2021-06-08 04:00:05'),
(76, 'SMKN1KUWUS/PPDB/2021-76', 'FRANSISKUS EDI', 'Laki-Laki', '0051142136', '5315020903050002', 'TEBANG', '2005-03-09', '', 'Kristen Katolik', '', '', 'TEBANG', '', '', '', 'COMPANG SUKA', 'KUWUS', 'Manggarai Barat', 0, '', '', '', '', '', 0, '', '', '', '', '', '', '2021-06-08 04:08:43'),
(78, 'SMKN1KUWUS/PPDB/2021-78', 'VINSENSIANA CELSI SEDAIMAN', 'Perempuan', '0069742389', '5310034504060001', 'WELA', '2006-04-05', '', 'Kristen Katolik', '', '', 'WELA', '', '', '', 'GOLOWOROK', 'RUTENG', 'Manggarai', 0, '', '', '', '', '', 0, '', '', '', '', '', '', '2021-06-08 04:20:01'),
(79, 'SMKN1KUWUS/PPDB/2021-79', 'MARIA AYU LINDAS', 'Perempuan', '0063659066', '5315024502069996', 'KUBUR', '2006-02-05', '', 'Kristen Katolik', '', '', 'KUBUR', '', '', '', 'GOLO RU\"A', 'NDOSO', 'Manggarai Barat', 0, '', '', '', '', '', 0, '', '', '', '', '', '', '2021-06-08 04:26:23'),
(81, 'SMKN1KUWUS/PPDB/2021-81', 'SUSANA DIANA', 'Perempuan', '0073762486', '5315025504010004', 'NDOSO', '2007-04-15', '', 'Kristen Katolik', '', '', 'NDOSO', '', '', '', 'GOLO RU\"A', 'NDOSO', 'Manggarai Barat', 0, '', '', '', '', '', 0, '', '', '', '', '', '', '2021-06-08 04:37:44'),
(84, 'SMKN1KUWUS/PPDB/2021-84', 'HERLINDA GAMBAR', 'Perempuan', '0064313699', '-', 'LAMBUR', '2006-03-03', '', 'Kristen Katolik', '', '', 'LAMBUR', '', '', '', 'PANGGA', 'KUWUS', 'Manggarai Barat', 0, '', '', '', '', '', 0, '', '', '', '', '', '', '2021-06-08 04:49:32'),
(94, 'SMKN1KUWUS/PPDB/2021-94', 'YOSAFAT RIFANUS JEMARUT', 'Laki-Laki', '0051106288', '5315021211050005', 'RAJA', '2005-11-12', '', 'Kristen Katolik', '', '', 'RAJA', '', '', '', 'WAE BUKA', 'NDOSO', 'Manggarai Barat', 0, '', '', '', '', '', 0, '', '', '', '', '', '', '2021-06-08 04:58:01'),
(96, 'SMKN1KUWUS/PPDB/2021-96', 'VIKTORIA NDELOS', 'Perempuan', '0062717874', '5315024509060004', 'COAL', '2006-09-05', '', 'Kristen Katolik', '', '', 'COAL', '', '', '', 'COLA', 'KUWUS', 'Manggarai Barat', 0, '', '', '', '', '', 0, '', '', '', '', '', '', '2021-06-09 07:35:51'),
(97, 'SMKN1KUWUS/PPDB/2021-97', 'FITRIANA NANUL', 'Perempuan', '0052943970', '5315026404050005', 'COAL', '2005-04-24', '', 'Kristen Katolik', '', '', 'COAL', '', '', '', 'COAL', 'KUWUS', 'Manggarai Barat', 0, '', '', '', '', '', 0, '', '', '', '', '', '', '2021-06-09 07:54:11'),
(98, 'SMKN1KUWUS/PPDB/2021-98', 'BERTIANUS TETI', 'Laki-Laki', '0057787686', '5315021812040006', 'NDOSO', '2005-12-18', '', 'Kristen Katolik', '', '', 'NDOSO', '', '', '', 'NDOSO', 'NDOSO', 'Manggarai Barat', 0, '', '', '', '', '', 0, '', '', '', '', '', '', '2021-06-09 09:14:22'),
(99, 'SMKN1KUWUS/PPDB/2021-99', 'FRANSISKA SETIA', 'Laki-Laki', '00321001264', '5315026212030004', 'BANGKA', '2003-12-22', '', 'Kristen Katolik', '', '', 'LEWUR', '', '', '', 'LEWUR', 'KUWUS', 'Manggarai Barat', 0, '', '', '', '', '', 0, '', '', '', '', '', '', '2021-06-09 09:29:40'),
(100, 'SMKN1KUWUS/PPDB/2021-100', 'MARIA EFINTA SURYANTI', 'Perempuan', '0052639535', '5315025310050002', 'KOLONG', '2005-10-13', '', 'Kristen Katolik', '', '', 'NDOSO', '', '', '', 'LUMUT', 'NDOSO', 'Manggarai Barat', 0, '', '', '', '', '', 0, '', '', '', '', '', '', '2021-06-09 12:07:43'),
(101, 'SMKN1KUWUS/PPDB/2021-101', 'YONASTA JIAN', 'Perempuan', '0045183622', '5315025211040003', 'KOLONG', '2004-11-12', '', 'Kristen Katolik', '', '', 'NDOSO', '', '', '', 'LUMUT', 'NDOSO', 'Manggarai Barat', 0, '', '', '', '', '', 0, '', '', '', '', '', '', '2021-06-09 12:14:34'),
(102, 'SMKN1KUWUS/PPDB/2021-102', 'VENSELAUS HANDUL', 'Laki-Laki', '0048488498', '5315022608040003', 'KOLONG', '2004-09-26', '', 'Kristen Katolik', '', '', 'KOLONG', '', '', '', 'LUMUT', 'NDOSO', 'Manggarai Barat', 0, '', '', '', '', '', 0, '', '', '', '', '', '', '2021-06-09 12:22:21'),
(103, 'SMKN1KUWUS/PPDB/2021-103', 'FENSIANUS KALAM', 'Laki-Laki', '0043927712', '5315025407040002', 'KOLONG', '2004-07-12', '', 'Kristen Katolik', '', '', 'KOLONG ', '', '', '', 'LUMUT', 'NDOSO', 'Manggarai Barat', 0, '', '', '', '', '', 0, '', '', '', '', '', '', '2021-06-09 12:29:20'),
(104, 'SMKN1KUWUS/PPDB/2021-104', 'FLORENTINA NELCIANA AYU', 'Perempuan', '0056566825', '5315026709070001', 'KUBUR', '0000-00-00', '', 'Kristen Katolik', '', '', 'KUBUR', '', '', '', 'GOLO RU\"A', 'NDOSO', 'Manggarai Barat', 0, '', '', '', '', '', 0, '', '', '', '', '', '', '2021-06-09 12:40:25'),
(105, 'SMKN1KUWUS/PPDB/2021-105', 'FILEMON RETNO BAGUT', 'Laki-Laki', '0042308463', '5315020906070001', 'LENGGO', '2004-10-16', '', 'Kristen Katolik', '', '', 'COAL', '', '', '', 'COAL', 'KUWUS', 'Manggarai Barat', 0, '', '', '', '', '', 0, '', '', '', '', '', '', '2021-06-09 03:17:38'),
(106, 'SMKN1KUWUS/PPDB/2021-106', 'GREGORIUS AFRANUS TATU', 'Laki-Laki', '0045956074', '5315020808090004', 'SENDA', '2004-01-10', '', 'Kristen Katolik', '', '', 'LEWUR', '', '', '', 'LEWUR', 'KUWUS', 'Manggarai Barat', 0, '', '', '', '', '', 0, '', '', '', '', '', '', '2021-06-09 03:24:20'),
(107, 'SMKN1KUWUS/PPDB/2021-107', 'REIMUNDUS NARDO ANDUR', 'Laki-Laki', '0042524783', '5315021510040002', 'SENDA', '2004-10-09', '', 'Kristen Katolik', '', '', 'LEWUR', '', '', '', 'LEWUR', 'KUWUS', 'Manggarai Barat', 0, '', '', '', '', '', 0, '', '', '', '', '', '', '2021-06-09 03:29:34'),
(108, 'SMKN1KUWUS/PPDB/2021-108', 'RAFLINUS JANGGU', 'Laki-Laki', '0052510730', '5310030211050004', 'MARAS', '2005-11-02', '', 'Kristen Katolik', '', '', 'MARAS', '', '', '', 'BLANG TURI', 'RUTENG', 'Manggarai Barat', 0, '', '', '', '', '', 0, '', '', '', '', '', '', '2021-06-09 03:35:22'),
(109, 'SMKN1KUWUS/PPDB/2021-109', 'ERVIS ADIPUTRA GAGU', 'Laki-Laki', '0026387488', '5315020811020004', 'NTALUNG', '2002-11-08', '', 'Kristen Katolik', '', '', 'COAL', '', '', '', 'COAL', 'KUWUS', 'Manggarai Barat', 0, '', '', '', '', '', 0, '', '', '', '', '', '', '2021-06-09 03:40:02'),
(110, 'SMKN1KUWUS/PPDB/2021-110', 'BELASIUS ILUMINATO WASO', 'Laki-Laki', '0054262292', '5315022911050005', 'WANING', '2005-10-29', '', 'Kristen Katolik', '', '', 'WANING', '', '', '', 'WANING', 'NDOSO', 'Manggarai Barat', 0, '', '', '', '', '', 0, '', '', '', '', '', '', '2021-06-09 03:47:18'),
(111, 'SMKN1KUWUS/PPDB/2021-111', 'MARTINUS AGUNG', 'Laki-Laki', '0068731969', '5315020304060008', 'RAJA', '2006-04-03', '', 'Kristen Katolik', '', '', 'RAJA', '', '', '', 'WAE BUKA', 'NDOSO', 'Manggarai Barat', 0, '', '', '', '', '', 0, '', '', '', '', '', '', '2021-06-09 03:52:59'),
(112, 'SMKN1KUWUS/PPDB/2021-112', 'JUSTALIANA ARDILA', 'Perempuan', '0061779429', '5315027009060003', 'COAL', '2006-09-30', '', 'Kristen Katolik', '', '', 'COAL', '', '', '', 'COAL', 'KUWUS', 'Manggarai Barat', 0, '', '', '', '', '', 0, '', '', '', '', '', '', '2021-06-09 03:56:41'),
(113, 'SMKN1KUWUS/PPDB/2021-113', 'NURTIANA SAMUL', 'Perempuan', '0052358568', '531502707050008', 'KUBUR', '2005-07-07', '', 'Kristen Katolik', '', '', 'KUBUR', '', '', '', 'GOLO RU\"A', 'NDOSO', 'Manggarai Barat', 0, '', '', '', '', '', 0, '', '', '', '', '', '', '2021-06-09 04:37:11'),
(114, 'SMKN1KUWUS/PPDB/2021-114', 'MARIA PUTRI AYU', 'Perempuan', '0062956571', '-', 'KUBUR', '2006-01-10', '', 'Kristen Katolik', '', '', 'KUBUR', '', '', '', 'GOLO RU\"A', 'NDOSO', 'Manggarai Barat', 0, '', '', '', '', '', 0, '', '', '', '', '', '', '2021-06-09 04:54:57'),
(115, 'SMKN1KUWUS/PPDB/2021-115', 'AMARIA PRISKA SURIANI', 'Perempuan', '0058242563', '5315026302050004', 'LEWUR', '2005-02-23', '', 'Kristen Katolik', '', '', 'LEWUR', '', '', '', 'LEWUR', 'KUWUS', 'Manggarai Barat', 0, '', '', '', '', '', 0, '', '', '', '', '', '', '2021-07-05 10:02:57'),
(116, 'SMKN1KUWUS/PPDB/2021-116', 'ELISABET NENDONG', 'Perempuan', '0068884908', '5315024208060004', 'KOLANG', '2006-08-02', '', 'Kristen Katolik', '', '', 'KOLANG', '', '', '', 'SOMPANG KOLANG', 'KUWUS BARAT', 'Manggarai Barat', 0, '', '', '', '', '', 0, '', '', '', '', '', '', '2021-06-11 08:09:58'),
(117, 'SMKN1KUWUS/PPDB/2021-117', 'ELVIANA ALUS ', 'Perempuan', '0065358212', '5315024706060003', 'COAL', '2006-06-07', '', 'Kristen Katolik', '', '', 'COAL', '', '', '', 'COAL', 'KUWUS', 'Manggarai Barat', 0, '', '', '', '', '', 0, '', '', '', '', '', '', '2021-06-11 08:14:35'),
(118, 'SMKN1KUWUS/PPDB/2021-118', 'PAULINA SISKA BEIL', 'Perempuan', '0068582039', '5310035804060001', 'RENTUNG', '2006-04-18', '', 'Kristen Katolik', '', '', 'GOLOWOROK', '', '', '', 'GOLOWOROK', 'RUTENG', 'Manggarai', 0, '', '', '', '', '', 0, '', '', '', '', '', '', '2021-06-11 08:20:36'),
(119, 'SMKN1KUWUS/PPDB/2021-119', 'MARIA SARINA WATI', 'Perempuan', '0054817886', '5315024109050005', 'RAJA', '2005-09-01', '', 'Kristen Katolik', '', '', 'RAJA', '', '', '', 'WAE BUKA', 'NDOSO', 'Manggarai Barat', 0, '', '', '', '', '', 0, '', '', '', '', '', '', '2021-06-11 08:25:59'),
(120, 'SMKN1KUWUS/PPDB/2021-120', 'ALINTUS LABE', 'Laki-Laki', '0055125643', '5315021111050003', 'NGGAWUT', '2005-11-11', '', 'Kristen Katolik', '', '', 'NGGAWUT', '', '', '', 'LAWI', 'KUWUS', 'Manggarai Barat', 0, '', '', '', '', '', 0, '', '', '', '', '', '', '2021-06-11 08:30:50'),
(121, 'SMKN1KUWUS/PPDB/2021-121', 'ARTONALDO NABE', 'Laki-Laki', '0058665100', '5315022510050006', 'NGGAWUT', '2005-10-25', '', 'Kristen Katolik', '', '', 'LAWI', '', '', '', 'LAWI', 'KUWUS', 'Manggarai Barat', 0, '', '', '', '', '', 0, '', '', '', '', '', '', '2021-06-11 08:37:18'),
(122, 'SMKN1KUWUS/PPDB/2021-122', 'FLORENSIUS LORONG', 'Laki-Laki', '0064888088', '5315021310050002', 'TEBANG', '2006-10-13', '', 'Kristen Katolik', '', '', 'TEBANG', '', '', '', 'COMPANG SUKA', 'KUWUS', 'Manggarai Barat', 0, '', '', '', '', '', 0, '', '', '', '', '', '', '2021-06-11 08:44:02'),
(123, 'SMKN1KUWUS/PPDB/2021-123', 'ERGIDIUS SANJAYA', 'Laki-Laki', '0027877744', '5315020507020001', 'WAR', '2002-07-05', '', 'Kristen Katolik', '', '', 'WAR', '', '', '', 'PONG NARANG', 'NDOSO', 'Manggarai Barat', 0, '', '', '', '', '', 0, '', '', '', '', '', '', '2021-06-11 08:49:24'),
(124, 'SMKN1KUWUS/PPDB/2021-124', 'KRISSANTUS SUSANTO', 'Laki-Laki', '0057338153', '5315022810050001', 'NAO', '2005-10-28', '', 'Kristen Katolik', '', '', 'NAO', '', '', '', 'NAO', 'KUWUS BARAT', 'Manggarai Barat', 0, '', '', '', '', '', 0, '', '', '', '', '', '', '2021-06-11 08:54:27'),
(125, 'SMKN1KUWUS/PPDB/2021-125', 'EFREYANI SULASTRI DAWUNG', 'Perempuan', '-', '-', 'LAMBUR', '2006-01-30', '', 'Kristen Katolik', '', '', 'LAMBUR', '', '', '', 'PANGGA', 'KUWUS', 'Manggarai Barat', 0, '', '', '', '', '', 0, '', '', '', '', '', '', '2021-06-11 08:58:58'),
(126, 'SMKN1KUWUS/PPDB/2021-126', 'YULTIANA SURYATI', 'Laki-Laki', '0063267572', '5315024702060007', 'KOTOK', '2006-02-07', '', 'Kristen Katolik', '', '', 'KOTOK', '', '', '', 'COMPANG KULES', 'KUWUS', 'Manggarai Barat', 0, '', '', '', '', '', 0, '', '', '', '', '', '', '2021-06-11 01:50:47'),
(127, 'SMKN1KUWUS/PPDB/2021-127', 'ELISABET GANUS', 'Perempuan', '006439747', '5315024210070001', 'NGGAWUT,', '2007-10-07', '', 'Kristen Katolik', '', '', 'NGGAWUT ', '', '', '', 'LAWI', 'KUWUS', 'Manggarai Barat', 0, '', '', '', '', '', 0, '', '', '', '', '', '', '2021-06-11 01:59:25'),
(128, 'SMKN1KUWUS/PPDB/2021-128', 'HELDAANA ANUL', 'Perempuan', '0057233957', '5315025001050005', 'NGGAWUT', '2005-01-02', '', 'Kristen Katolik', '', '', 'NGGAWUT', '', '', '', 'LAWI', 'KUWUS', 'Manggarai Barat', 0, '', '', '', '', '', 0, '', '', '', '', '', '', '2021-06-11 02:05:28'),
(129, 'SMKN1KUWUS/PPDB/2021-129', 'RENASTI YOVISTA INDA', 'Perempuan', '0065551324', '5315026205060002', 'NDOSO', '2006-05-22', '', 'Kristen Katolik', '', '', 'NDOSO', '', '', '', 'NDOSO', 'NDOSO', 'Manggarai Barat', 0, '', '', '', '', '', 0, '', '', '', '', '', '', '2021-06-11 02:11:59'),
(130, 'SMKN1KUWUS/PPDB/2021-130', 'ODA JENA WIJAYA ', 'Perempuan', '0069195565', '5315024201060003', 'NGGAWUT', '2006-01-02', '', 'Kristen Katolik', '', '', 'LEWAT', '', '', '', 'LEWAT', 'KUWUS', 'Manggarai Barat', 0, '', '', '', '', '', 0, '', '', '', '', '', '', '2021-06-11 02:25:03'),
(132, 'SMKN1KUWUS/PPDB/2021-132', 'WERENA FATIMA MAWAR', 'Perempuan', '-', '5310145709060001', 'GALANG', '2006-12-09', '', 'Kristen Katolik', '', '', 'GOLO TEBO', '', '', '', 'PONG LENGOR', 'RAHONG UTARA', 'Manggarai', 0, '', '', '', '', '', 0, '', '', '', '', '', '', '2021-06-12 05:10:03'),
(133, 'SMKN1KUWUS/PPDB/2021-133', 'ROFINA GANUT', 'Perempuan', '-', '-', 'WETIK ', '2005-02-07', '', 'Kristen Katolik', '', '', 'WETIK', '', '', '', '-', '-', 'Manggarai Barat', 0, '', '', '', '', '', 0, '', '', '', '', '', '', '2021-06-12 05:12:47'),
(134, 'SMKN1KUWUS/PPDB/2021-134', 'ROBERTINA SETIA SETIA JEBARUS', 'Perempuan', '-', '-', 'WETIK', '2005-12-09', '', 'Kristen Katolik', '', '', 'WETIK', '', '', '', '-', '-', 'Manggarai Barat', 0, '', '', '', '', '', 0, '', '', '', '', '', '', '2021-06-12 05:15:07'),
(136, 'SMKN1KUWUS/PPDB/2021-136', 'OKTALIANI PUTRI', 'Perempuan', '0052185011', '5315066210050001', 'LANDO', '2005-02-07', '', 'Kristen Katolik', '', '', 'LANDO', '', '', '', 'MBUIT', 'BOLENG', 'Manggarai Barat', 0, '', '', '', '', '', 0, '', '', '', '', '', '', '2021-06-12 05:20:00'),
(137, 'SMKN1KUWUS/PPDB/2021-137', 'MARSELINUS NAGUR', 'Laki-Laki', '0040435935', '5315020510070003', 'KASONG', '2004-12-24', '', 'Kristen Katolik', '', '', 'KASONG', '', '', '', 'KASONG', 'NDOSO', 'Manggarai Barat', 0, '', '', '', '', '', 0, '', '', '', '', '', '', '2021-06-12 05:27:01'),
(138, 'SMKN1KUWUS/PPDB/2021-138', 'APOLONIUS UGAT', 'Laki-Laki', '0053860199', '5310031406050006', 'ROKU', '2005-05-19', '', 'Kristen Katolik', '', '', 'RAI CEHET', '', '', '', 'RAI', 'RUTENG', 'Manggarai', 0, '', '', '', '', '', 0, '', '', '', '', '', '', '2021-06-12 05:33:55'),
(139, 'SMKN1KUWUS/PPDB/2021-139', 'SALOMO WAJAN JAMBRI', 'Laki-Laki', '-', '-', 'REMBONG', '2005-03-11', '', 'Kristen Katolik', '', '', 'REMBONG', '', '', '', 'DIMPONG', 'RAHONG UTARA', 'Manggarai', 0, '', '', '', '', '', 0, '', '', '', '', '', '', '2021-06-12 05:38:49'),
(140, 'SMKN1KUWUS/PPDB/2021-140', 'PAULA HENDRAWATI', 'Perempuan', '0067823821', '5315026601060004', 'DAHANG', '2006-01-26', '', 'Kristen Katolik', '', '', 'DAHANG', '', '', '', 'PANGGA', 'KUWUS', 'Manggarai Barat', 0, '', '', '', '', '', 0, '', '', '', '', '', '', '2021-06-12 05:46:39'),
(141, 'SMKN1KUWUS/PPDB/2021-141', 'KRISTIANI LAURA CAIN', 'Perempuan', '0066418387', '5315026909060001', 'DAHANG', '2006-09-29', '', 'Kristen Katolik', '', '', 'DAHANG', '', '', '', 'PANGGA', 'KUWUS', 'Manggarai Barat', 0, '', '', '', '', '', 0, '', '', '', '', '', '', '2021-06-12 05:54:39'),
(142, 'SMKN1KUWUS/PPDB/2021-142', 'EVANIATI SIRNA', 'Perempuan', '0055304306', '5305025605050004', 'SAMA', '2005-05-16', '', 'Kristen Katolik', '', '', 'SAMA', '', '', '', 'SAMA', 'KUWUS', 'Manggarai Barat', 0, '', '', '', '', '', 0, '', '', '', '', '', '', '2021-06-12 06:10:50'),
(144, 'SMKN1KUWUS/PPDB/2021-144', 'YOSAFAT SUSANTO', 'Laki-Laki', '-', '5315021211040002', 'SOWANG', '2004-11-12', '', 'Kristen Katolik', '', '', 'SOWANG', '', '', '', 'PACAR', 'MACANG PACAR', 'Manggarai Barat', 0, '', '', '', '', '', 0, '', '', '', '', '', '', '2021-06-12 06:19:58'),
(145, 'SMKN1KUWUS/PPDB/2021-145', 'MARSELINUS NGME', 'Laki-Laki', '0053717776', '5315022603050003', 'WETIK', '2005-03-26', '', 'Kristen Katolik', '', '', 'WETIK', '', '', '', 'PANGGA', 'KUWUS', 'Manggarai Barat', 0, '', '', '', '', '', 0, '', '', '', '', '', '', '2021-06-14 10:24:12'),
(146, 'SMKN1KUWUS/PPDB/2021-146', 'NARSIANUS ABON', 'Laki-Laki', '0043641078', '5315020812040004', 'WELU', '2004-12-08', '', 'Kristen Katolik', '', '', 'WELU', '', '', '', 'RAKA', 'NDOSO', 'Manggarai Barat', 0, '', '', '', '', '', 0, '', '', '', '', '', '', '2021-06-14 03:31:08'),
(147, 'SMKN1KUWUS/PPDB/2021-147', 'SANDROANUS RUDI', 'Laki-Laki', '0059244858', '5315020408040005', 'WELU', '2005-12-08', '', 'Kristen Katolik', '', '', 'WELU', '', '', '', 'RAKA', 'NDOSO', 'Manggarai Barat', 0, '', '', '', '', '', 0, '', '', '', '', '', '', '2021-06-14 03:36:28'),
(149, 'SMKN1KUWUS/PPDB/2021-149', 'MARSELINUS NDARUT', 'Laki-Laki', '0039851428', '5315022310020001', 'WELU', '2003-10-23', '', 'Kristen Katolik', '', '', 'WELU', '', '', '', 'RAKA', 'NDOSO', 'Manggarai Barat', 0, '', '', '', '', '', 0, '', '', '', '', '', '', '2021-06-14 03:48:15'),
(150, 'SMKN1KUWUS/PPDB/2021-150', 'ULFA GRESIANA MIA', 'Perempuan', '0056836873', '5315021107110018', 'SENDA', '2005-09-24', '', 'Kristen Katolik', '', '', 'SENDA', '', '', '', 'LEWUR', 'KUWUS', 'Manggarai Barat', 0, '', '', '', '', '', 0, '', '', '', '', '', '', '2021-06-14 03:54:44'),
(151, 'SMKN1KUWUS/PPDB/2021-151', 'EMILIANUS KEMBOK', 'Laki-Laki', '0045899513', '5315023005040004', 'WELU', '2004-05-30', '', 'Kristen Katolik', '', '', 'WELU', '', '', '', 'RAKA', 'NDOSO', 'Manggarai Barat', 0, '', '', '', '', '', 0, '', '', '', '', '', '', '2021-06-14 03:59:50'),
(152, 'SMKN1KUWUS/PPDB/2021-152', 'KORNELIA SANUNG', 'Perempuan', '0048825044', '5315084601040001', 'KALO', '2004-01-04', '', 'Kristen Katolik', '', '', 'KALO', '', '', '', 'TEHONG', 'NDOSO', 'Manggarai Barat', 0, '', '', '', '', '', 0, '', '', '', '', '', '', '2021-06-14 04:06:26'),
(153, 'SMKN1KUWUS/PPDB/2021-153', 'GENOVEVA PUTRI AYU', 'Perempuan', '0066199973', '5315024406060010', 'SATARARA', '2006-06-04', '', 'Kristen Katolik', '', '', 'SATARARA', '', '', '', '-', 'KUWUS', 'Manggarai Barat', 0, '', '', '', '', '', 0, '', '', '', '', '', '', '2021-06-14 04:14:07'),
(155, 'SMKN1KUWUS/PPDB/2021-155', 'ARCANGELA GIRIANI', 'Perempuan', '-', '5310035112050006', 'DALO', '2005-04-28', '', 'Kristen Katolik', '', '', 'DALO', '', '', '', 'COMPANG DALO', 'CANCAR', 'Manggarai', 0, '', '', '', '', '', 0, '', '', '', '', '', '', '2021-06-14 05:22:03'),
(156, 'SMKN1KUWUS/PPDB/2021-156', 'ISABELA SURIANTI', 'Perempuan', '-', '-', 'KASONG', '2006-07-16', '', 'Kristen Katolik', '', '', 'KASONG', '', '', '', 'KASONG', 'NDOSO', 'Manggarai Barat', 0, '', '', '', '', '', 0, '', '', '', '', '', '', '2021-06-14 05:26:21'),
(157, 'SMKN1KUWUS/PPDB/2021-157', 'YOHANES BERLIANU NDETO', 'Laki-Laki', '0038076858', '5310030111930002', 'DALO', '2003-11-04', '', 'Kristen Katolik', '', '', 'DALO', '', '', '', 'COMPANG DALO', 'RUTENG', 'Manggarai', 0, '', '', '', '', '', 0, '', '', '', '', '', '', '2021-06-14 05:41:29'),
(158, 'SMKN1KUWUS/PPDB/2021-158', 'SERLIMAN A. NDAHUNG', 'Perempuan', '0053500629', '5315027001050005', 'PATENG', '2005-01-30', '', 'Kristen Katolik', '', '', 'PATENG', '', '', '', 'WANING', 'NDOSO', 'Manggarai Barat', 0, '', '', '', '', '', 0, '', '', '', '', '', '', '2021-06-14 05:47:09'),
(159, 'SMKN1KUWUS/PPDB/2021-159', 'KRISTONI TAMBA', 'Laki-Laki', '0061397427', '5315022407060002', 'KOLONG', '2006-12-20', '', 'Kristen Katolik', '', '', 'KOLONG', '', '', '', 'LUUMUT', 'NDOSO', 'Manggarai Barat', 0, '', '', '', '', '', 0, '', '', '', '', '', '', '2021-06-14 05:51:19'),
(160, 'SMKN1KUWUS/PPDB/2021-160', 'ROBERTUS ARMAN', 'Laki-Laki', '0045234245', '-', 'KOLONG', '2004-06-07', '', 'Kristen Katolik', '', '', 'KOLONG', '', '', '', 'LUMUT', 'NDOSO', 'Manggarai Barat', 0, '', '', '', '', '', 0, '', '', '', '', '', '', '2021-06-14 05:55:30'),
(162, 'SMKN1KUWUS/PPDB/2021-162', 'MARIA  ALVINA  JAYA', 'Perempuan', '0052039934', '5315025001050001', 'RAWUK', '2005-01-20', '', 'Kristen Katolik', '', '', 'RAWUK', '', '', '', 'NDOSO', 'NDOSO', 'Manggarai Barat', 0, '', '', '', '', '', 0, '', '', '', '', '', '', '2021-06-14 06:03:38'),
(163, 'SMKN1KUWUS/PPDB/2021-163', 'FALDEANA JELITA MAMU', 'Laki-Laki', '0057918953', '5315026004050001', 'NGGAWUT', '2005-04-20', '', 'Kristen Katolik', '', '', 'NGGAWUT', '', '', '', 'LAWI', 'KUWUS', 'Manggarai Barat', 0, '', '', '', '', '', 0, '', '', '', '', '', '', '2021-06-14 06:08:03'),
(164, 'SMKN1KUWUS/PPDB/2021-164', 'PATRISIA TACIANA MAYA', 'Perempuan', '0062674400', '5315024308060006', 'DAHANG', '2006-08-03', '', 'Kristen Katolik', '', '', 'DAHANG', '', '', '', 'PANGGA', 'KUWUS', 'Manggarai Barat', 0, '', '', '', '', '', 0, '', '', '', '', '', '', '2021-06-14 06:12:15'),
(165, 'SMKN1KUWUS/PPDB/2021-165', 'ALFIONA SATRIANI', 'Perempuan', '0051572696', '5315024608050002', 'NAO', '2005-08-06', '', 'Kristen Katolik', '', '', 'KOLANG', '', '', '', 'KOLANG', 'KUWUS BARAT', 'Manggarai Barat', 0, '', '', '', '', '', 0, '', '', '', '', '', '', '2021-06-14 06:16:12'),
(166, 'SMKN1KUWUS/PPDB/2021-166', 'YOSEFINA LASTIKA MULIA', 'Perempuan', '0047032547', '5315025808040008', 'NAO', '2004-08-18', '', 'Kristen Katolik', '', '', 'NAO', '', '', '', 'KOLANG', 'KUWUS BARAT', 'Manggarai Barat', 0, '', '', '', '', '', 0, '', '', '', '', '', '', '2021-06-14 06:23:04'),
(167, 'SMKN1KUWUS/PPDB/2021-167', 'SAFRINA SUSANTI JUITA', 'Perempuan', '0046037017', '5315016308040004', 'LESEM', '2004-06-13', '', 'Kristen Katolik', '', '', 'LESEM', '', '', '', 'GOLO LAJANG', 'KUWUS BARAT', 'Manggarai Barat', 0, '', '', '', '', '', 0, '', '', '', '', '', '', '2021-06-14 06:31:56'),
(168, 'SMKN1KUWUS/PPDB/2021-168', 'ARTONALDO NADE', 'Laki-Laki', '0058665100', '531502510050006', 'NGGAWUT', '2005-10-25', '', 'Kristen Katolik', '', '', 'NGGAWUT', '', '', '', 'LAWI', 'KUWUS', 'Manggarai Barat', 0, '', '', '', '', '', 0, '', '', '', '', '', '', '2021-06-14 06:40:53'),
(169, 'SMKN1KUWUS/PPDB/2021-169', 'HERIBERTUS JENAWAN', 'Laki-Laki', '0044871872', '5315021511100009', 'LARENG', '2004-04-09', '', 'Kristen Katolik', '', '', 'LARENG', '', '', '', 'GOLO RU\"A', 'NDOSO', 'Manggarai Barat', 0, '', '', '', '', '', 0, '', '', '', '', '', '', '2021-06-14 06:47:51'),
(170, 'SMKN1KUWUS/PPDB/2021-170', 'IRENIUS JEBABUN', 'Laki-Laki', '0069138335', '5315020606050003', 'LARENG', '2007-06-01', '', 'Kristen Katolik', '', '', 'LARENG', '', '', '', 'GOLO RU\"A', 'NDOSO', 'Manggarai Barat', 0, '', '', '', '', '', 0, '', '', '', '', '', '', '2021-06-14 06:53:03'),
(171, 'SMKN1KUWUS/PPDB/2021-171', 'MARIANUS JEMALI', 'Laki-Laki', '0068326553', '5315021801060001', 'LENGA', '2006-01-18', '', 'Kristen Katolik', '', '', 'LENGA', '', '', '', 'KOLANG', 'KUWUS BARAT', 'Manggarai Barat', 0, '', '', '', '', '', 0, '', '', '', '', '', '', '2021-06-14 06:59:57'),
(172, 'SMKN1KUWUS/PPDB/2021-172', 'YOSEVINA VIANI', 'Perempuan', '0053094020', '-', 'NDOSO', '2005-01-21', '', 'Kristen Katolik', '', '', 'NDOSO', '', '', '', 'NDOSO', 'NDOSO', 'Manggarai Barat', 0, '', '', '', '', '', 0, '', '', '', '', '', '', '2021-06-14 07:05:34'),
(174, 'SMKN1KUWUS/PPDB/2021-174', 'NITALIA GAMUL', 'Perempuan', '0034901607', '-', 'WELU', '2003-08-06', '', 'Kristen Katolik', '', '', 'WELU', '', '', '', 'RAKA', 'NDOSO', 'Manggarai Barat', 0, '', '', '', '', '', 0, '', '', '', '', '', '', '2021-06-14 07:13:03'),
(176, 'SMKN1KUWUS/PPDB/2021-176', 'BELASIUS NAKANG', 'Laki-Laki', '0067543310', '5315020607050004', 'LARENG', '2006-07-07', '', 'Kristen Katolik', '', '', 'LARENG', '', '', '', 'GOLO RU\"A', 'NDOSO', 'Manggarai Barat', 0, '', '', '', '', '', 0, '', '', '', '', '', '', '2021-06-14 07:29:36'),
(178, 'SMKN1KUWUS/PPDB/2021-178', 'VERINIKA FATIMA ', 'Perempuan', '0067030307', '5315025301050003', 'KOTONG', '2006-01-13', '', 'Kristen Katolik', '', '', 'KOTOK', '', '', '', 'COMPANG  KULES', 'KUWUS BARAT', 'Manggarai Barat', 0, '', '', '', '', '', 0, '', '', '', '', '', '', '2021-06-15 09:37:44'),
(179, 'SMKN1KUWUS/PPDB/2021-179', 'MARIANI NINAS', 'Perempuan', '0059569528', '53150225607050005', 'BALO', '2005-07-16', '', 'Kristen Katolik', '', '', 'BALO', '', '', '', 'PANGGA', 'KUWUS', 'Manggarai Barat', 0, '', '', '', '', '', 0, '', '', '', '', '', '', '2021-06-15 09:47:43'),
(180, 'SMKN1KUWUS/PPDB/2021-180', 'NATALIA TANTIKA JENAHAN', 'Perempuan', '0063017816', '5315025111060002', 'BALO', '2006-12-11', '', 'Kristen Katolik', '', '', '', '', '', '', '', '', 'Manggarai Barat', 0, '', '', '', '', '', 0, '', '', '', '', '', '', '2021-06-15 09:55:52'),
(181, 'SMKN1KUWUS/PPDB/2021-181', 'ELFRIDA INDAH JELITA', 'Perempuan', '0067836985', '5315026908060001', 'BALO', '2006-08-29', '', 'Kristen Katolik', '', '', 'BALO', '', '', '', 'PANGGA', 'KUWUS', 'Manggarai Barat', 0, '', '', '', '', '', 0, '', '', '', '', '', '', '2021-06-15 10:08:08'),
(182, 'SMKN1KUWUS/PPDB/2021-182', 'WETILIANA  ANEM', 'Perempuan', '0045353789', '-', 'LUJANG', '2004-05-03', '', 'Kristen Katolik', '', '', 'LUJANG', '', '', '', 'PONG LENGOR', 'RAHONG UTARA', 'Manggarai', 0, '', '', '', '', '', 0, '', '', '', '', '', '', '2021-06-15 10:29:13'),
(183, 'SMKN1KUWUS/PPDB/2021-183', 'ELISABET JEMAMUT', 'Perempuan', '0052407801', '5310145105050001', 'LUJANG', '2005-05-11', '', 'Kristen Katolik', '', '', 'LUJANG', '', '', '', 'PONG LENGOR', 'RAHONG UTARA', 'Manggarai', 0, '', '', '', '', '', 0, '', '', '', '', '', '', '2021-06-15 10:38:00'),
(184, 'SMKN1KUWUS/PPDB/2021-184', 'HILDARIANI ERMINDA OLIVIA', 'Perempuan', '0053711420', '5315025101050005', 'LEWUR', '2005-01-11', '', 'Kristen Katolik', '', '', 'LEWUR', '', '', '', 'LEWUR', 'KUWUS', 'Manggarai Barat', 0, '', '', '', '', '', 0, '', '', '', '', '', '', '2021-06-15 10:47:39'),
(185, 'SMKN1KUWUS/PPDB/2021-185', 'BONIFASIUS SEDIA', 'Laki-Laki', '0045702951', '5315024712710001', 'LEDEK', '2004-08-30', '', 'Kristen Katolik', '', '', 'LEWUR', '', '', '', 'LEWUR', 'KUWUS', 'Manggarai Barat', 0, '', '', '', '', '', 0, '', '', '', '', '', '', '2021-06-15 10:54:55'),
(187, 'SMKN1KUWUS/PPDB/2021-187', 'YASINTA REGULA', 'Perempuan', '0053764126', '5315025109050004', 'SEANG', '2005-09-11', '', 'Kristen Katolik', '', '', 'SEANG', '', '', '', 'TUENG', 'KUWUS BARAT', 'Manggarai Barat', 0, '', '', '', '', '', 0, '', '', '', '', '', '', '2021-06-15 01:38:09'),
(188, 'SMKN1KUWUS/PPDB/2021-188', 'YULIANA NASRI', 'Perempuan', '0054648218', '5315024702050004', 'WATU MOTANG', '2005-02-07', '', 'Kristen Katolik', '', '', 'WATUMOTANG', '', '', '', 'MOMOL', 'NDOSO', 'Manggarai Barat', 0, '', '', '', '', '', 0, '', '', '', '', '', '', '2021-06-15 02:02:39'),
(189, 'SMKN1KUWUS/PPDB/2021-189', 'YULIANA SARINA ', 'Perempuan', '0051042058', '5310154504050001', 'SUBU', '2005-04-05', '', 'Kristen Katolik', '', '', 'SUBU', '', '', '', 'GELONG', 'LELAK', 'Manggarai', 0, '', '', '', '', '', 0, '', '', '', '', '', '', '2021-06-15 02:11:58'),
(190, 'SMKN1KUWUS/PPDB/2021-190', 'TIMOTIUS ANGGUR', 'Laki-Laki', '-', '-', 'KALO,', '2005-01-25', '', 'Kristen Katolik', '', '', 'KALO', '', '', '', 'KALO', '-', 'Manggarai Barat', 0, '', '', '', '', '', 0, '', '', '', '', '', '', '2021-06-15 02:16:06'),
(191, 'SMKN1KUWUS/PPDB/2021-191', 'YUNITA HILDA YANI DAHUT', 'Laki-Laki', '0045771241', '53105025705040003', 'LEWUR', '2004-05-17', '', 'Kristen Katolik', '', '', 'LEWUR', '', '', '', 'LEWUR', 'KUWUS', 'Manggarai Barat', 0, '', '', '', '', '', 0, '', '', '', '', '', '', '2021-06-15 02:22:12'),
(192, 'SMKN1KUWUS/PPDB/2021-192', 'ASKARIUS RUBEN', 'Perempuan', '-', '-', 'GONGGO', '2006-03-08', '', 'Kristen Katolik', '', '', 'GONGGO', '', '', '', '', '', 'Manggarai Barat', 0, '', '', '', '', '', 0, '', '', '', '', '', '', '2021-06-15 02:25:02'),
(193, 'SMKN1KUWUS/PPDB/2021-193', 'YOHANES KRISTO EDWART', 'Laki-Laki', '', '-', 'WAE PITAK', '2004-07-27', '', 'Kristen Katolik', '', '', '', '', '', '', '', '', 'Manggarai Barat', 0, '', '', '', '', '', 0, '', '', '', '', '', '', '2021-06-15 02:28:58'),
(195, 'SMKN1KUWUS/PPDB/2021-195', 'APRIO ANUS JELATU', 'Laki-Laki', '0048677383', '-', 'NAO', '2004-04-29', '', 'Kristen Katolik', '', '', 'NAO', '', '', '', '-', 'KUWUS BARAT', 'Manggarai Barat', 0, '', '', '', '', '', 0, '', '', '', '', '', '', '2021-06-15 03:30:49'),
(196, 'SMKN1KUWUS/PPDB/2021-196', 'SOFIANA JEMIDA', 'Perempuan', '0038551216', '5315025610030004', 'REWAS', '2003-10-16', '', 'Kristen Katolik', '', '', 'GOLOLEWE', '', '', '', 'LUMUT', 'NDOSO', 'Manggarai Barat', 0, '', '', '', '', '', 0, '', '', '', '', '', '', '2021-06-15 03:36:57'),
(197, 'SMKN1KUWUS/PPDB/2021-197', 'ELNI SETIA ', 'Perempuan', '-', '-', 'TENGKA', '2004-04-27', '', 'Kristen Katolik', '', '', 'TENGKA', '', '', '', 'LAWI', 'KUWUS', 'Manggarai Barat', 0, '', '', '', '', '', 0, '', '', '', '', '', '', '2021-06-15 03:44:10'),
(198, 'SMKN1KUWUS/PPDB/2021-198', 'MARIA GODELIVA DIRMAN', 'Perempuan', '0044892959', '-', 'WAR', '2004-07-07', '', 'Kristen Katolik', '', '', 'WAR', '', '', '', '-', 'NDOSO', 'Manggarai Barat', 0, '', '', '', '', '', 0, '', '', '', '', '', '', '2021-06-15 03:46:56'),
(199, 'SMKN1KUWUS/PPDB/2021-199', 'FRIDOLINA KURNIATI', 'Perempuan', '-', '-', 'LUJANG', '2003-03-21', '', 'Kristen Katolik', '', '', '-', '', '', '', '-', '-', 'Manggarai', 0, '', '', '', '', '', 0, '', '', '', '', '', '', '2021-06-15 03:49:56'),
(200, 'SMKN1KUWUS/PPDB/2021-200', 'GABRIELA NINU', 'Perempuan', '-', '-', 'BEJAWA', '2005-09-29', '', 'Kristen Katolik', '', '', '-', '', '', '', '-', '-', 'Manggarai Timur', 0, '', '', '', '', '', 0, '', '', '', '', '', '', '2021-06-15 03:53:04'),
(201, 'SMKN1KUWUS/PPDB/2021-201', 'DEFITA PADUS', 'Perempuan', '', '-', 'TENGKA', '2003-12-26', '', 'Kristen Katolik', '', '', 'TENGKA', '', '', '', 'LAWI', '-', 'Manggarai Barat', 0, '', '', '', '', '', 0, '', '', '', '', '', '', '2021-06-15 03:55:23'),
(202, 'SMKN1KUWUS/PPDB/2021-202', 'BEATRIX DAIMAN', 'Perempuan', '0055263392', '-', 'DADAR', '2005-08-18', '', 'Kristen Katolik', '', '', 'DADAR', '', '', 'dadar', '-', 'KUWUS BARAT', 'Manggarai Barat', 0, '', '', '', '', '', 0, '', '', '', '', '', '', '2021-07-05 10:30:22'),
(203, 'SMKN1KUWUS/PPDB/2021-203', 'WALDUS ETRIO JANA', 'Laki-Laki', '0054045428', '5315023006050004', 'SEANG', '2005-06-30', '', 'Kristen Katolik', '', '', '', '', '', '', 'TUENG', 'KUWUS BARAT', 'Manggarai Barat', 0, '', '', '', '', '', 0, '', '', '', '', '', '', '2021-06-15 04:08:09'),
(204, 'SMKN1KUWUS/PPDB/2021-204', 'SALVINUS SAFRUDIN', 'Laki-Laki', '0054506282', '5315022101050003', 'TUENG', '2005-10-21', '', 'Kristen Katolik', '', '', 'LAKANG', '', '', '', 'TUENG', 'KUWUS BARAT', 'Manggarai Barat', 0, '', '', '', '', '', 0, '', '', '', '', '', '', '2021-06-15 04:14:26'),
(205, 'SMKN1KUWUS/PPDB/2021-205', 'INOSENSIUS BUSAU', 'Laki-Laki', '0063342306', '5305020708060004', 'DAHANG', '2006-08-07', '', 'Kristen Katolik', '', '', 'DAHANG ', '', '', '', 'PANGGA', 'KUWUS', 'Manggarai Barat', 0, '', '', '', '', '', 0, '', '', '', '', '', '', '2021-06-15 04:20:24'),
(206, 'SMKN1KUWUS/PPDB/2021-206', 'ALFONSIUS MUJUR', 'Perempuan', '0038213748', '5315020108030002', 'BANGKA', '2003-08-01', '', 'Kristen Katolik', '', '', 'BANGKA', '', '', '', 'LEWUR', 'KUWUS', 'Manggarai Barat', 0, '', '', '', '', '', 0, '', '', '', '', '', '', '2021-06-16 11:02:58'),
(207, 'SMKN1KUWUS/PPDB/2021-207', 'VIRGILIANUS MADU', 'Laki-Laki', '0035093538', '5315022606030004', 'SENDA', '2003-06-26', '', 'Kristen Katolik', '', '', 'SENDA', '', '', '', 'LEWUR', 'KUWUS', 'Manggarai Barat', 0, '', '', '', '', '', 0, '', '', '', '', '', '', '2021-06-16 11:13:31'),
(208, 'SMKN1KUWUS/PPDB/2021-208', 'IRANTINUS HARGEN', 'Laki-Laki', '0047456979', '', 'SENDA', '2004-01-20', '', 'Kristen Katolik', '', '', 'SENDA', '', '', '', 'LEWUR', 'KUWUS', 'Manggarai Barat', 0, '', '', '', '', '', 0, '', '', '', '', '', '', '2021-06-16 11:18:26'),
(209, 'SMKN1KUWUS/PPDB/2021-209', 'VINSENSIUS BUDAYA', 'Laki-Laki', '0067382728', '5315020406060003', 'MASING', '0000-00-00', '', 'Kristen Katolik', '', '', 'MASING', '', '', '', 'GOLO RIWU', 'KUWUS BATAR', 'Manggarai Barat', 0, '', '', '', '', '', 0, '', '', '', '', '', '', '2021-06-18 07:09:08'),
(210, 'SMKN1KUWUS/PPDB/2021-210', 'AFRASIANA DAHOM', 'Perempuan', '006135702', '5315024408060002', 'MASING', '2006-08-04', '', 'Kristen Katolik', '', '', 'MASING', '', '', '', 'GOLO RIWU', 'KUWUS BARAT', 'Manggarai Barat', 0, '', '', '', '', '', 0, '', '', '', '', '', '', '2021-06-18 07:14:49'),
(211, 'SMKN1KUWUS/PPDB/2021-211', 'MARIA E. SERIWATI', 'Perempuan', '0068982217', '5315027004060003', 'MASING', '2006-04-30', '', 'Kristen Katolik', '', '', 'MASING', '', '', '', 'GOLO RIWU', 'KUWUS BARAT', 'Manggarai Barat', 0, '', '', '', '', '', 0, '', '', '', '', '', '', '2021-06-18 07:18:23'),
(212, 'SMKN1KUWUS/PPDB/2021-212', 'YULTA S. MADUN', 'Perempuan', '0062053410', '5315020505060001', 'WETIK', '2006-05-05', '', 'Kristen Katolik', '', '', 'WETIK', '', '', '', 'GOLO RIWU', 'KUWUS BARAT', 'Manggarai Barat', 0, '', '', '', '', '', 0, '', '', '', '', '', '', '2021-06-18 07:23:09'),
(213, 'SMKN1KUWUS/PPDB/2021-213', 'YULIUS VEDIMUN ARMIN', 'Laki-Laki', '0069823280', '531503005060001', 'TEHONG', '2006-05-30', '', 'Kristen Katolik', '', '', 'TEHONG', '', '', '', 'TEHONG', 'NDOSO', 'Manggarai Barat', 0, '', '', '', '', '', 0, '', '', '', '', '', '', '2021-06-18 07:27:37'),
(214, 'SMKN1KUWUS/PPDB/2021-214', 'FERDINANDUS BANCI', 'Laki-Laki', '0044294704', '5315021705040004', 'SATARARA', '2004-05-17', '', 'Kristen Katolik', '', '', 'SATARARA', '', '', '', '-', 'KUWUS', 'Manggarai Barat', 0, '', '', '', '', '', 0, '', '', '', '', '', '', '2021-06-18 07:32:17'),
(215, 'SMKN1KUWUS/PPDB/2021-215', 'YUSTINA  FEGIOLA NUSARTINI ', 'Perempuan', '0045520344', '5315027011040001', 'SOWANG', '2004-11-30', '', 'Kristen Katolik', '', '', 'SOWANG', '', '', '', 'WAE BUKA', 'NDOSO', 'Manggarai Barat', 0, '', '', '', '', '', 0, '', '', '', '', '', '', '2021-06-18 07:38:32'),
(216, 'SMKN1KUWUS/PPDB/2021-216', 'OLGA VINSENSIA PINUL', 'Laki-Laki', '0061664953', '5315025307060004', 'LONGOS', '2006-06-13', '', 'Kristen Katolik', '', '', 'LONGOS', '', '', '', 'TUENG', 'KUWUS BARAT', 'Manggarai Barat', 0, '', '', '', '', '', 0, '', '', '', '', '', '', '2021-06-18 07:42:57'),
(217, 'SMKN1KUWUS/PPDB/2021-217', 'GREGORIUS JEHARUN', 'Laki-Laki', '0051097835', '5315020805050006', 'KASONG', '2005-05-08', '', 'Kristen Katolik', '', '', 'KASONG', '', '', '', 'KASONG', 'NDOSO', 'Manggarai Barat', 0, '', '', '', '', '', 0, '', '', '', '', '', '', '2021-06-18 07:46:38'),
(218, 'SMKN1KUWUS/PPDB/2021-218', 'MONTANUS MANTUR', 'Laki-Laki', '0069169902', '5315012402060001', 'RUSING', '2006-02-24', '', 'Kristen Katolik', '', '', 'WONTONG', '', '', '', 'WONTONG', 'MACANG PACAR', 'Manggarai Barat', 0, '', '', '', '', '', 0, '', '', '', '', '', '', '2021-06-18 07:50:57'),
(219, 'SMKN1KUWUS/PPDB/2021-219', 'VINSENSIUS GANGGUN', 'Laki-Laki', '0056329005', '5315020504050001', 'RAKA', '2005-04-05', '', 'Kristen Katolik', '', '', 'RAKA', '', '', '', 'RAKA', 'NDOSO', 'Manggarai Barat', 0, '', '', '', '', '', 0, '', '', '', '', '', '', '2021-06-18 07:55:43'),
(220, 'SMKN1KUWUS/PPDB/2021-220', 'NOVANTO LAOT', 'Laki-Laki', '0049884522', '5315062511040001', 'LANDO', '2004-11-25', '', 'Kristen Katolik', '', '', 'MBAU MOHU', '', '', '', 'MBUIT', 'BOLENG', 'Manggarai Barat', 0, '', '', '', '', '', 0, '', '', '', '', '', '', '2021-06-18 08:00:07'),
(221, 'SMKN1KUWUS/PPDB/2021-221', 'ANTONIA RATNA CEMBES', 'Perempuan', '0059552102', '5315024305050006', 'LONGOS', '2005-05-03', '', 'Kristen Katolik', '', '', 'LONGOS', '', '', '', 'TUENG', 'KUWUS BARAT', 'Manggarai Barat', 0, '', '', '', '', '', 0, '', '', '', '', '', '', '2021-07-05 09:33:48'),
(222, 'SMKN1KUWUS/PPDB/2021-222', 'MARSELINA SELIN', 'Perempuan', '0056002306', '5315025405050003', 'LONGOS ', '2005-05-14', '', 'Kristen Katolik', '', '', 'LONGOS', '', '', '', 'TUENG', 'KUWUS BARAT', 'Manggarai Barat', 0, '', '', '', '', '', 0, '', '', '', '', '', '', '2021-06-18 08:13:31'),
(223, 'SMKN1KUWUS/PPDB/2021-223', 'NHELGA ROFINA DAGUN', 'Perempuan', '0062526147', '5315024806060001', 'WETIK', '2006-06-08', '', 'Kristen Katolik', '', '', 'WETIK', '', '', '', 'GOLO RIWU', 'KUWUS BARAT', 'Manggarai Barat', 0, '', '', '', '', '', 0, '', '', '', '', '', '', '2021-06-18 08:23:31'),
(224, 'SMKN1KUWUS/PPDB/2021-224', 'ANSELMUS SANDRO', 'Laki-Laki', '0062013914', '5315022104060006', 'NDOSO', '2006-04-21', '', 'Kristen Katolik', '', '', 'NDOSO', '', '', '', 'NDOSO', 'NDOSO', 'Manggarai Barat', 0, '', '', '', '', '', 0, '', '', '', '', '', '', '2021-06-18 08:27:46'),
(225, 'SMKN1KUWUS/PPDB/2021-225', 'ALFONus ARGO MBALA', 'Laki-Laki', '0049009605', '5315020305040002', 'PATENG', '2004-05-03', '', 'Kristen Katolik', '', '', 'PATENG', '', '', '', 'PATENG LESU', 'NDOSO', 'Manggarai Barat', 0, '', '', '', '', '', 0, '', '', '', '', '', '', '2021-06-18 08:31:52'),
(226, 'SMKN1KUWUS/PPDB/2021-226', 'FARISTIANUS SYUKUR', 'Laki-Laki', '0068307999', '5315020106060001', 'SUKA KIONG', '2006-06-01', '', 'Kristen Katolik', '', '', 'SUKA KIONG', '', '', '', 'SUKA KIONG', 'KUWUS', 'Manggarai Barat', 0, '', '', '', '', '', 0, '', '', '', '', '', '', '2021-06-18 08:36:59'),
(227, 'SMKN1KUWUS/PPDB/2021-227', 'WIHELMINA DARISMA', 'Perempuan', '0052459603', '5315016804050001', 'RABA', '2005-04-20', '', 'Kristen Katolik', '', '', 'RABA', '', '', '', 'RABA', 'MACANG PACAR', 'Manggarai Barat', 0, '', '', '', '', '', 0, '', '', '', '', '', '', '2021-06-18 08:42:30'),
(229, '', 'OEVASIUS OJA', 'Laki-Laki', '0042724745', '5315021906040005', 'nao', '2004-06-19', '', 'Kristen Katolik', '', '', 'nao', '', '', '', 'kolang', 'kuwus barat', 'Manggarai Barat', 0, '', '', '', '', '', 0, '', '', '', '', '', '', '2021-06-18 09:30:50'),
(231, 'SMKN1KUWUS/PPDB/2021-231', 'PODENSIA NUNUNG', 'Perempuan', '0066946583', '5315021906040005', 'NAO', '2006-05-19', '', 'Kristen Katolik', '', '', 'NAO', '', '', '', 'KOLANG', 'KUWUS BARAT', 'Manggarai Barat', 0, '', '', '', '', '', 0, '', '', '', '', '', '', '2021-06-18 09:37:54'),
(232, 'SMKN1KUWUS/PPDB/2021-232', 'MAKSIMILIANA BAHIL', 'Perempuan', '0068292088', '5315025203060003', 'METANG', '2006-03-12', '', 'Kristen Katolik', '', '', 'METANG', '', '', '', 'WAE BUKA', 'NDOSO', 'Manggarai Barat', 0, '', '', '', '', '', 0, '', '', '', '', '', '', '2021-06-18 09:49:42'),
(233, 'SMKN1KUWUS/PPDB/2021-233', 'ALEKSANDIA YASARIMAN', 'Laki-Laki', '0053007789', '5315012411050002', 'NARUNG', '0000-00-00', '', 'Kristen Katolik', '', '', 'LAJANG', '', '', '', 'GOLO LAJANG', 'MACANG PACAR', 'Manggarai Barat', 0, '', '', '', '', '', 0, '', '', '', '', '', '', '2021-06-18 10:00:32'),
(234, 'SMKN1KUWUS/PPDB/2021-234', 'MARIA KARTIKA SARI', 'Perempuan', '0047354817', '5315024512040003', 'TEHONG', '2004-12-05', '', 'Kristen Katolik', '', '', 'TEHONG', '', '', '', 'TEHONG', 'NDOSO', 'Manggarai Barat', 0, '', '', '', '', '', 0, '', '', '', '', '', '', '2021-06-18 10:26:22'),
(235, 'SMKN1KUWUS/PPDB/2021-235', ' CRISTIAN HADINATA RABU', 'Laki-Laki', '0063557996', '5315022305060004', 'MANDO', '2006-05-23', '', 'Kristen Katolik', '', '', 'MENDO', '', '', '', 'TEHONG', 'NDOSO', 'Manggarai Barat', 0, '', '', '', '', '', 0, '', '', '', '', '', '', '2021-06-18 10:41:12'),
(236, 'SMKN1KUWUS/PPDB/2021-236', 'REINALDUS TAUR', 'Laki-Laki', '0053377657', '5315010512050003', 'KAKE', '2005-11-05', '', 'Kristen Katolik', '', '', 'KAKE', '', '', '', 'GOLO LAJANG', 'PACAR', 'Manggarai Barat', 0, '', '', '', '', '', 0, '', '', '', '', '', '', '2021-06-18 10:52:53'),
(237, 'SMKN1KUWUS/PPDB/2021-237', 'APRILIANUS  BRESIANO', 'Laki-Laki', '0044291473', '5315022404040001', 'LARENG', '2005-04-24', '', 'Kristen Katolik', '', '', 'LARENG', '', '', '', 'KASONG', 'NDOSO', 'Manggarai Barat', 0, '', '', '', '', '', 0, '', '', '', '', '', '', '2021-06-18 11:08:05'),
(238, 'SMKN1KUWUS/PPDB/2021-238', 'MARIA PRISKA SUSILAWATI', 'Perempuan', '0048006557', '5315024808040006', 'WANING', '2004-08-08', '', 'Kristen Katolik', '', '', 'TEHONG', '', '', '', 'WANING', 'NDOSO', 'Manggarai Barat', 0, '', '', '', '', '', 0, '', '', '', '', '', '', '2021-06-18 11:30:07'),
(240, 'SMKN1KUWUS/PPDB/2021-240', 'SILVERIUS JUAN', 'Laki-Laki', '0053472882', '', 'GOLO SEPANG', '2005-06-20', '', 'Kristen Katolik', '', '', 'GOLO SEPANG', '', '', '', 'MBUIT', 'BOLENG', 'Manggarai Barat', 0, '', '', '', '', '', 0, '', '', '', '', '', '', '2021-06-18 11:52:55'),
(241, 'SMKN1KUWUS/PPDB/2021-241', 'REGINA DARMIN', 'Perempuan', '0043828216', '531502490204040003', 'TEHONG', '2004-02-09', '', 'Kristen Katolik', '', '', 'TEHONG', '', '', '', 'TEHONG', 'NDOSO', 'Manggarai Barat', 0, '', '', '', '', '', 0, '', '', '', '', '', '', '2021-06-18 11:58:40'),
(242, 'SMKN1KUWUS/PPDB/2021-242', 'FERSIANUS SANTUS', 'Laki-Laki', '', '5315021010040006', 'TEHONG', '2004-10-10', '', 'Kristen Katolik', '', '', 'TEHONG', '', '', '', 'TEHONG', 'NDOSO', 'Manggarai Barat', 0, '', '', '', '', '', 0, '', '', '', '', '', '', '2021-06-19 12:09:00'),
(243, 'SMKN1KUWUS/PPDB/2021-243', 'YOSEPHINA JEMUMU', 'Perempuan', '0066321410', '5315025503060001', 'DAHANG', '2006-03-15', '', 'Kristen Katolik', '', '', 'DAHANG', '', '', '', 'PANGGA', 'KUWUS', 'Manggarai Barat', 0, '', '', '', '', '', 0, '', '', '', '', '', '', '2021-06-19 12:17:22'),
(244, 'SMKN1KUWUS/PPDB/2021-244', 'RATNA I. GANJUNG', 'Perempuan', '0052384334', '5315024107050043', 'REJING', '2004-08-12', '', 'Kristen Katolik', '', '', 'REJING', '', '', '', 'COMPANG KULES', 'KUWUS BARAT', 'Manggarai Barat', 0, '', '', '', '', '', 0, '', '', '', '', '', '', '2021-06-19 12:23:57'),
(245, 'SMKN1KUWUS/PPDB/2021-245', 'FREDERIK RAHMAN DEWA PARUS', 'Perempuan', '0044779891', '5315022310040001', 'PORONG TEDENG', '2004-10-23', '', 'Kristen Katolik', '', '', 'PORONG TEDENG', '', '', '', 'COAL', 'KUWUS', 'Manggarai Barat', 0, '', '', '', '', '', 0, '', '', '', '', '', '', '2021-06-19 12:30:32'),
(246, 'SMKN1KUWUS/PPDB/2021-246', 'FRANSISKUS JEMADUN', 'Laki-Laki', '', '5315021501040005', 'TEHONG', '2004-01-15', '', 'Kristen Katolik', '', '', 'TEHONG', '', '', '', 'TEHONG', 'NDOSO', 'Manggarai Barat', 0, '', '', '', '', '', 0, '', '', '', '', '', '', '2021-06-19 12:45:41'),
(247, 'SMKN1KUWUS/PPDB/2021-247', 'KARILINA SRIFATIMA PANUS', 'Perempuan', '0066618488', '5315026508060005', 'DAHANG', '2006-08-25', '', 'Kristen Katolik', '', '', 'DAHANG', '', '', '', 'PANGGA', 'KUWUS', 'Manggarai Barat', 0, '', '', '', '', '', 0, '', '', '', '', '', '', '2021-06-19 12:54:25'),
(248, 'SMKN1KUWUS/PPDB/2021-248', 'ANJELINA FILASARI', 'Perempuan', '0000000000', '5315024706060002', 'REJING', '2006-06-07', '', 'Kristen Katolik', '', '', 'REJING', '', '', '', 'COMPANG KULES', 'KUWUS BARAT', 'Manggarai Barat', 0, '', '', '', '', '', 0, '', '', '', '', '', '', '2021-07-05 10:01:56'),
(249, 'SMKN1KUWUS/PPDB/2021-249', 'NOVITA TRISNA', 'Perempuan', '0042820706', '', 'RAWUK', '2005-08-11', '', 'Kristen Katolik', '', '', 'RAWUK', '', '', '', '', '', 'Manggarai Barat', 0, '', '', '', '', '', 0, '', '', '', '', '', '', '2021-06-19 01:03:36'),
(250, 'SMKN1KUWUS/PPDB/2021-250', 'EDELBURGA DEWI DERA', 'Perempuan', '0068271312', '5315024607060011', 'RANGGU', '2006-06-06', '', 'Kristen Katolik', '', '', 'DAHANG', '', '', '', 'PANGGA', 'KUWUS', 'Manggarai Barat', 0, '', '', '', '', '', 0, '', '', '', '', '', '', '2021-06-19 01:08:31'),
(251, 'SMKN1KUWUS/PPDB/2021-251', 'KAMELIANA W. SYUKUR', 'Perempuan', '0058170058', '5310124301090002', 'RUTENG', '2006-06-09', '', 'Kristen Katolik', '', '', 'LEMPE', '', '', '', 'PAU', 'LANGKE REMBONG', 'Manggarai Barat', 0, '', '', '', '', '', 0, '', '', '', '', '', '', '2021-06-19 09:45:17'),
(252, 'SMKN1KUWUS/PPDB/2021-252', 'HERIBERTUS  SURYADI JANGKAR', 'Laki-Laki', '0052850267', '5315020607050003', 'NAO', '2005-07-06', '', 'Kristen Katolik', '', '', 'NAO', '', '', '', 'KOLANG', 'KUWUS BARAT', 'Manggarai Barat', 0, '', '', '', '', '', 0, '', '', '', '', '', '', '2021-06-19 10:15:01'),
(253, 'SMKN1KUWUS/PPDB/2021-253', 'YAKOBUS ALFRET JEMARUNG', 'Laki-Laki', '0051097831', '5315021103060001', 'LANDO', '2006-03-11', '', 'Kristen Katolik', '', '', 'LANDO', '', '', '', 'KASONG', 'NDOSO', 'Manggarai Barat', 0, '', '', '', '', '', 0, '', '', '', '', '', '', '2021-06-19 10:46:35'),
(254, 'SMKN1KUWUS/PPDB/2021-254', 'FELISIANUS JANGGUR', 'Laki-Laki', '0053717784', '5315020806050008', 'DAHANG', '2005-06-08', '', 'Kristen Katolik', '', '', 'DAHANG', '', '', '', 'PANGGA', 'KUWUS', 'Manggarai Barat', 0, '', '', '', '', '', 0, '', '', '', '', '', '', '2021-06-21 09:46:18');
INSERT INTO `tb_pribadi` (`ID_Siswa`, `no_daftar`, `Nama`, `JK`, `NISN`, `NIK`, `Tempat_Lahir`, `Tanggal_Lahir`, `No_Akta`, `Agama`, `Kewarganegaraan`, `Kebutuhan_Khusus`, `Alamat`, `RT`, `RW`, `Desa`, `Kel`, `Kec`, `Kota_Kab`, `Kode_Pos`, `Lintang`, `Bujur`, `Tinggal`, `Transportasi`, `KKS`, `Anak_Ke`, `Terima_KPS`, `No_KPS`, `Terima_KIP`, `No_KIP`, `Tertera`, `Alasan`, `wu_pribadi`) VALUES
(255, 'SMKN1KUWUS/PPDB/2021-255', 'AGUSTINUS CESTANI', 'Laki-Laki', '0061377480', '5315020808060006', 'WETI', '2006-08-08', '', 'Kristen Katolik', '', '', 'WETIK', '', '', '', 'GOLO RIWU', 'KUWUS BARAT', 'Manggarai Barat', 0, '', '', '', '', '', 0, '', '', '', '', '', '', '2021-06-21 09:55:39'),
(256, 'SMKN1KUWUS/PPDB/2021-256', 'ARFRINSIUS GARMIN', 'Laki-Laki', '0059818990', '5315020604050003', 'RAWUK', '2005-04-06', '', 'Kristen Katolik', '', '', 'RAWUK', '', '', '', 'GOLO LEWE', 'KUWUS', 'Manggarai Barat', 0, '', '', '', '', '', 0, '', '', '', '', '', '', '2021-06-21 10:07:53'),
(257, 'SMKN1KUWUS/PPDB/2021-257', 'YOSEFINA IMAN', 'Perempuan', '0051942188', '5315025903050004', 'RAJA', '2005-03-19', '', 'Kristen Katolik', '', '', 'RAJA', '', '', '', 'WAE BUKA', 'NDOSO', 'Manggarai Barat', 0, '', '', '', '', '', 0, '', '', '', '', '', '', '2021-06-21 10:15:46'),
(258, 'SMKN1KUWUS/PPDB/2021-258', 'FORTUNATUS SUANG', 'Laki-Laki', '0052470149', '5315022602050004', 'KOLANG', '2005-02-26', '', 'Kristen Katolik', '', '', 'WAE PITAK', '', '', '', 'SOMPANG KOLANG', 'KUWUS BARAT', 'Manggarai Barat', 0, '', '', '', '', '', 0, '', '', '', '', '', '', '2021-06-21 10:41:57'),
(259, 'SMKN1KUWUS/PPDB/2021-259', 'JEFRIANUS DARSON', 'Laki-Laki', '0069825369', '5315022503060003', 'KASONG', '2006-03-20', '', 'Kristen Katolik', '', '', 'KASONG', '', '', '', 'KASONG', 'NDOSO', 'Manggarai Barat', 0, '', '', '', '', '', 0, '', '', '', '', '', '', '2021-06-21 11:44:29'),
(260, 'SMKN1KUWUS/PPDB/2021-260', 'SARINA DAUNG', 'Perempuan', '', '5315026206050002', 'KASONG', '2005-06-25', '', 'Kristen Katolik', '', '', 'KASONG', '', '', '', 'KASONG', 'NDOSO', 'Manggarai Barat', 0, '', '', '', '', '', 0, '', '', '', '', '', '', '2021-06-21 11:48:54'),
(261, 'SMKN1KUWUS/PPDB/2021-261', 'EUSTA ECINTIANA INAS', 'Perempuan', '0054270682', '5315076009050001', 'REBAK', '2005-09-20', '', 'Kristen Katolik', '', '', 'REBAK', '', '', '', 'SEMANG', 'WELAK', 'Manggarai Barat', 0, '', '', '', '', '', 0, '', '', '', '', '', '', '2021-06-21 11:53:47'),
(262, 'SMKN1KUWUS/PPDB/2021-262', 'PRISILA MARSIANA JEMIA', 'Perempuan', '0055709930', '5315074601050002', 'REBAK', '2005-01-16', '', 'Kristen Katolik', '', '', 'REBAK', '', '', '', 'SEMANG', 'WELAK', 'Manggarai Barat', 0, '', '', '', '', '', 0, '', '', '', '', '', '', '2021-06-21 11:58:58'),
(263, 'SMKN1KUWUS/PPDB/2021-263', 'GREGORIUS GON ', 'Laki-Laki', '0053247903', '5315071102050002', 'REBAK', '2005-02-11', '', 'Kristen Katolik', '', '', 'WORA', '', '', '', 'SEMANG', 'WELAK', 'Manggarai Barat', 0, '', '', '', '', '', 0, '', '', '', '', '', '', '2021-06-21 12:03:12'),
(264, 'SMKN1KUWUS/PPDB/2021-264', 'MARSELINUS NARUT', 'Laki-Laki', '0041880810', '5315021204040005', 'PACI', '2004-04-12', '', 'Kristen Katolik', '', '', 'PACI', '', '', '', 'GOLO RU\"A', 'NDOSO', 'Manggarai Barat', 0, '', '', '', '', '', 0, '', '', '', '', '', '', '2021-06-21 01:34:51'),
(265, 'SMKN1KUWUS/PPDB/2021-265', 'ANTONIUS HANI', 'Laki-Laki', '0047250511', '5315022003040003', 'PACI', '2004-03-20', '', 'Kristen Katolik', '', '', 'PACI', '', '', '', 'GOLO RU\"A', 'NDOSO', 'Manggarai Barat', 0, '', '', '', '', '', 0, '', '', '', '', '', '', '2021-06-21 01:39:40'),
(266, 'SMKN1KUWUS/PPDB/2021-266', 'THERESIA KURNIATI SAYU', 'Perempuan', '0042586181', '', 'SUBU', '2004-10-11', '', 'Kristen Katolik', '', '', 'SUBU', '', '', '', 'SUBU', 'LELAK', 'Manggarai Barat', 0, '', '', '', '', '', 0, '', '', '', '', '', '', '2021-06-21 01:46:55'),
(267, 'SMKN1KUWUS/PPDB/2021-267', 'HILARION SUDIR', 'Laki-Laki', '0058226278', '5315022710050004', 'LONGOS', '2005-10-27', '', 'Kristen Katolik', '', '', 'LONGOS', '', '', '', 'TUENG', 'KUWUS BARAT', 'Manggarai Barat', 0, '', '', '', '', '', 0, '', '', '', '', '', '', '2021-06-21 01:51:24'),
(268, 'SMKN1KUWUS/PPDB/2021-268', 'OKTAFIANI HELMI', 'Perempuan', '0035664345', '5315026210030003', 'KALO', '2003-10-22', '', 'Kristen Katolik', '', '', 'KALO', '', '', '', 'TEHONG', 'NDOSO', 'Manggarai Barat', 0, '', '', '', '', '', 0, '', '', '', '', '', '', '2021-06-21 01:58:50'),
(269, 'SMKN1KUWUS/PPDB/2021-269', 'GREGORIUS DUMAR', 'Laki-Laki', '0056491755', '5315022505050012', 'KALO', '2005-05-25', '', 'Kristen Katolik', '', '', 'KALO', '', '', '', 'TEHONG', 'NDOSO', 'Manggarai Barat', 0, '', '', '', '', '', 0, '', '', '', '', '', '', '2021-06-21 02:04:40'),
(270, 'SMKN1KUWUS/PPDB/2021-270', 'YOHANES FEBRIANTO BAGUN', 'Laki-Laki', '0025828811', '5315022002040004', 'PACI', '2002-02-20', '', 'Kristen Katolik', '', '', 'PACI', '', '', '', 'GOLO RU\"A', 'NDOSO', 'Manggarai Barat', 0, '', '', '', '', '', 0, '', '', '', '', '', '', '2021-06-21 02:10:11'),
(271, 'SMKN1KUWUS/PPDB/2021-271', 'MARIA  SAFIRA SUNARTI', 'Perempuan', '0052598704', '', 'KAKE', '2005-02-03', '', 'Kristen Katolik', '', '', 'KAKE', '', '', '', '', 'MACANG PACAR', 'Manggarai Barat', 0, '', '', '', '', '', 0, '', '', '', '', '', '', '2021-06-21 03:29:43'),
(272, 'SMKN1KUWUS/PPDB/2021-272', 'ELISABETH MANDUNG', 'Perempuan', '0046494174', '', 'NDOSO', '2004-06-14', '', 'Kristen Katolik', '', '', 'NDOSO', '', '', '', 'NDOSO', 'NDOSO', 'Manggarai Barat', 0, '', '', '', '', '', 0, '', '', '', '', '', '', '2021-06-21 03:32:59'),
(273, 'SMKN1KUWUS/PPDB/2021-273', 'ROMI HIBUR', 'Laki-Laki', '0057598187', '5315021903050006', 'TENGKA', '2005-03-19', '', 'Kristen Katolik', '', '', 'TENGKA', '', '', '', 'LAWI', 'KUWUS', 'Manggarai Barat', 0, '', '', '', '', '', 0, '', '', '', '', '', '', '2021-06-21 09:13:47'),
(274, 'SMKN1KUWUS/PPDB/2021-274', 'ICA MARIA IMA', 'Perempuan', '0041729854', '5315026912040008', 'LANDO', '2005-08-07', '', 'Kristen Katolik', '', '', 'LANDO', '', '', '', 'KANDONG', 'NDOSO', 'Manggarai Barat', 0, '', '', '', '', '', 0, '', '', '', '', '', '', '2021-06-22 01:25:53'),
(275, 'SMKN1KUWUS/PPDB/2021-275', 'MARIA ARCE GORESTI', 'Perempuan', '0063985323', '5315024607060004', 'LAWI', '2006-07-06', '', 'Kristen Katolik', '', '', 'LAWI ', '', '', '', 'SOMPANG KOLANG', 'KUWUS BARAT', 'Manggarai Barat', 0, '', '', '', '', '', 0, '', '', '', '', '', '', '2021-06-22 01:29:19'),
(276, 'SMKN1KUWUS/PPDB/2021-276', 'SEBINUS LANSO', 'Laki-Laki', '0061664376', '5315070506040005', 'SUBU,', '2004-05-20', '', 'Kristen Katolik', '', '', 'SUBU', '', '', '', 'SEMANG', 'WELAK', 'Manggarai Barat', 0, '', '', '', '', '', 0, '', '', '', '', '', '', '2021-06-22 01:33:05'),
(277, 'SMKN1KUWUS/PPDB/2021-277', 'ARMILIANUS S. GAGAR', 'Laki-Laki', '0056097863', '5315021708010003', 'TENO', '2005-04-29', '', 'Kristen Katolik', '', '', 'TENO', '', '', '', 'COMPANG SUKA', 'KUWUS', 'Manggarai Barat', 0, '', '', '', '', '', 0, '', '', '', '', '', '', '2021-06-22 01:37:18'),
(278, 'SMKN1KUWUS/PPDB/2021-278', 'HERMAN DAGU', 'Laki-Laki', '0028218091', '531502110503003', 'SUMAR', '2003-05-11', '', 'Kristen Katolik', '', '', 'SUMAR', '', '', '', 'TEHONG', 'NDOSO', 'Manggarai Barat', 0, '', '', '', '', '', 0, '', '', '', '', '', '', '2021-06-22 01:40:42'),
(279, 'SMKN1KUWUS/PPDB/2021-279', 'ARKADIUS SUMANTRI', 'Laki-Laki', '0019519453', '5315021201040004', 'KAKOR', '2004-01-12', '', 'Kristen Katolik', '', '', 'KAKOR', '', '', '', 'GOLO KELI', 'NDOSO', 'Manggarai Barat', 0, '', '', '', '', '', 0, '', '', '', '', '', '', '2021-06-22 01:44:21'),
(280, 'SMKN1KUWUS/PPDB/2021-280', 'ARDIANUS DERMAN JOYO', 'Laki-Laki', '0043469898', '5315022403040004', 'DERU', '2004-03-24', '', 'Kristen Katolik', '', '', 'DERU', '', '', '', 'NDOSO', 'NDOSO', 'Manggarai Barat', 0, '', '', '', '', '', 0, '', '', '', '', '', '', '2021-06-22 01:47:10'),
(282, '', 'DOMINIKUS TARUNG', 'Laki-Laki', '0046702794', '5315022711040004', 'NOA', '2004-11-27', '', 'Kristen Katolik', '', '', 'NOA', '', '', '', 'kolang', 'KUWUS BARAT', 'Manggarai Barat', 0, '', '', '', '', '', 0, '', '', '', '', '', '', '2021-06-22 01:50:14'),
(283, '', 'DOMINIKUS TARUNG', 'Laki-Laki', '0046702794', '5315022711040004', 'NOA', '2004-11-27', '', 'Kristen Katolik', '', '', 'NOA', '', '', '', 'kolang', 'KUWUS BARAT', 'Manggarai Barat', 0, '', '', '', '', '', 0, '', '', '', '', '', '', '2021-06-22 01:50:18'),
(284, '', 'DOMINIKUS TARUNG', 'Laki-Laki', '0046702794', '5315022711040004', 'NOA', '2004-11-27', '', 'Kristen Katolik', '', '', 'NOA', '', '', '', 'kolang', 'KUWUS BARAT', 'Manggarai Barat', 0, '', '', '', '', '', 0, '', '', '', '', '', '', '2021-06-22 01:50:18'),
(285, '', 'DOMINIKUS TARUNG', 'Laki-Laki', '0046702794', '5315022711040004', 'NOA', '2004-11-27', '', 'Kristen Katolik', '', '', 'NOA', '', '', '', 'kolang', 'KUWUS BARAT', 'Manggarai Barat', 0, '', '', '', '', '', 0, '', '', '', '', '', '', '2021-06-22 01:50:20'),
(286, '', 'DOMINIKUS TARUNG', 'Laki-Laki', '0046702794', '5315022711040004', 'NOA', '2004-11-27', '', 'Kristen Katolik', '', '', 'NOA', '', '', '', 'kolang', 'KUWUS BARAT', 'Manggarai Barat', 0, '', '', '', '', '', 0, '', '', '', '', '', '', '2021-06-22 01:50:20'),
(287, '', 'DOMINIKUS TARUNG', 'Laki-Laki', '0046702794', '5315022711040004', 'NOA', '2004-11-27', '', 'Kristen Katolik', '', '', 'NOA', '', '', '', 'kolang', 'KUWUS BARAT', 'Manggarai Barat', 0, '', '', '', '', '', 0, '', '', '', '', '', '', '2021-06-22 01:50:23'),
(288, '', 'DOMINIKUS TARUNG', 'Laki-Laki', '0046702794', '5315022711040004', 'NOA', '2004-11-27', '', 'Kristen Katolik', '', '', 'NOA', '', '', '', 'kolang', 'KUWUS BARAT', 'Manggarai Barat', 0, '', '', '', '', '', 0, '', '', '', '', '', '', '2021-06-22 01:50:25'),
(289, '', 'DOMINIKUS TARUNG', 'Laki-Laki', '0046702794', '5315022711040004', 'NOA', '2004-11-27', '', 'Kristen Katolik', '', '', 'NOA', '', '', '', 'kolang', 'KUWUS BARAT', 'Manggarai Barat', 0, '', '', '', '', '', 0, '', '', '', '', '', '', '2021-06-22 01:50:26'),
(290, '', 'DOMINIKUS TARUNG', 'Laki-Laki', '0046702794', '5315022711040004', 'NOA', '2004-11-27', '', 'Kristen Katolik', '', '', 'NOA', '', '', '', 'kolang', 'KUWUS BARAT', 'Manggarai Barat', 0, '', '', '', '', '', 0, '', '', '', '', '', '', '2021-06-22 01:50:26'),
(291, '', 'DOMINIKUS TARUNG', 'Laki-Laki', '0046702794', '5315022711040004', 'NOA', '2004-11-27', '', 'Kristen Katolik', '', '', 'NOA', '', '', '', 'kolang', 'KUWUS BARAT', 'Manggarai Barat', 0, '', '', '', '', '', 0, '', '', '', '', '', '', '2021-06-22 01:50:26'),
(292, '', 'DOMINIKUS TARUNG', 'Laki-Laki', '0046702794', '5315022711040004', 'NOA', '2004-11-27', '', 'Kristen Katolik', '', '', 'NOA', '', '', '', 'kolang', 'KUWUS BARAT', 'Manggarai Barat', 0, '', '', '', '', '', 0, '', '', '', '', '', '', '2021-06-22 01:50:26'),
(293, '', 'DOMINIKUS TARUNG', 'Laki-Laki', '0046702794', '5315022711040004', 'NOA', '2004-11-27', '', 'Kristen Katolik', '', '', 'NOA', '', '', '', 'kolang', 'KUWUS BARAT', 'Manggarai Barat', 0, '', '', '', '', '', 0, '', '', '', '', '', '', '2021-06-22 01:50:26'),
(294, '', 'DOMINIKUS TARUNG', 'Laki-Laki', '0046702794', '5315022711040004', 'NOA', '2004-11-27', '', 'Kristen Katolik', '', '', 'NOA', '', '', '', 'kolang', 'KUWUS BARAT', 'Manggarai Barat', 0, '', '', '', '', '', 0, '', '', '', '', '', '', '2021-06-22 01:50:27'),
(295, '', 'DOMINIKUS TARUNG', 'Laki-Laki', '0046702794', '5315022711040004', 'NOA', '2004-11-27', '', 'Kristen Katolik', '', '', 'NOA', '', '', '', 'kolang', 'KUWUS BARAT', 'Manggarai Barat', 0, '', '', '', '', '', 0, '', '', '', '', '', '', '2021-06-22 01:50:28'),
(296, '', 'DOMINIKUS TARUNG', 'Laki-Laki', '0046702794', '5315022711040004', 'NOA', '2004-11-27', '', 'Kristen Katolik', '', '', 'NOA', '', '', '', 'kolang', 'KUWUS BARAT', 'Manggarai Barat', 0, '', '', '', '', '', 0, '', '', '', '', '', '', '2021-06-22 01:50:28'),
(297, '', 'DOMINIKUS TARUNG', 'Laki-Laki', '0046702794', '5315022711040004', 'NOA', '2004-11-27', '', 'Kristen Katolik', '', '', 'NOA', '', '', '', 'kolang', 'KUWUS BARAT', 'Manggarai Barat', 0, '', '', '', '', '', 0, '', '', '', '', '', '', '2021-06-22 01:50:30'),
(298, '', 'DOMINIKUS TARUNG', 'Laki-Laki', '0046702794', '5315022711040004', 'NOA', '2004-11-27', '', 'Kristen Katolik', '', '', 'NOA', '', '', '', 'kolang', 'KUWUS BARAT', 'Manggarai Barat', 0, '', '', '', '', '', 0, '', '', '', '', '', '', '2021-06-22 01:50:43'),
(299, 'SMKN1KUWUS/PPDB/2021-299', 'YULIANA DEWI SARTIKA RAYA', 'Perempuan', '0064086288', '5315025604060003', 'LONGOS', '2006-04-16', '', 'Kristen Katolik', '', '', 'LONGOS', '', '', '', 'TUENG', 'KUWUS BARAT', 'Manggarai Barat', 0, '', '', '', '', '', 0, '', '', '', '', '', '', '2021-06-22 01:55:29'),
(300, 'SMKN1KUWUS/PPDB/2021-300', 'YULIUS DIDIMUS', 'Laki-Laki', '', '', 'TEHONG', '2006-05-30', '', 'Kristen Katolik', '', '', 'TEHUNG', '', '', '', 'TEHONG', 'NDOSO', 'Manggarai Barat', 0, '', '', '', '', '', 0, '', '', '', '', '', '', '2021-06-22 05:06:15'),
(301, 'SMKN1KUWUS/PPDB/2021-301', 'CAMELIANA WULAN SYUKUR', 'Perempuan', '0058170058', '', 'RUTENG', '2006-06-09', '', 'Kristen Katolik', '', '', '', '', '', '', '', '', 'Manggarai', 0, '', '', '', '', '', 0, '', '', '', '', '', '', '2021-06-22 05:08:22'),
(302, 'SMKN1KUWUS/PPDB/2021-302', 'SAFRILUS JAMPUR', 'Laki-Laki', '0060177227', '', 'REMBONG', '2006-04-18', '', 'Kristen Katolik', '', '', 'REMBONG', '', '', '', 'DIMPONG', 'RAHONG UTARA', 'Manggarai', 0, '', '', '', '', '', 0, '', '', '', '', '', '', '2021-06-22 05:10:54'),
(303, 'SMKN1KUWUS/PPDB/2021-303', 'FELIANUS JANU', 'Laki-Laki', '0053717784', '', 'DAHANG ', '2005-06-08', '', 'Kristen Katolik', '', '', 'DAHANG', '', '', '', 'PANGGA', 'KUWUS', 'Manggarai Barat', 0, '', '', '', '', '', 0, '', '', '', '', '', '', '2021-06-22 05:13:47'),
(305, '', 'Bernadus Ridoni Frayento Umen', 'Laki-Laki', '0067511342', '5315022008060007', 'Raja', '2006-08-20', '', 'Kristen Katolik', '', '', 'Raja', '', '', '', 'Lumut', 'Ndoso', 'Manggarai Barat', 86552, '', '', '', '', '', 0, '', '', '', '', '', '', '2021-06-22 07:21:38'),
(306, '', 'Bernadus Ridoni Frayento Umen', 'Laki-Laki', '0067511342', '5315022008060007', 'Raja', '2006-08-20', '', 'Kristen Katolik', '', '', 'Raja', '', '', '', 'Lumut', 'Ndoso', 'Manggarai Barat', 86552, '', '', '', '', '', 0, '', '', '', '', '', '', '2021-06-22 07:21:38'),
(307, '', 'Bernadus Ridoni Frayento Umen', 'Laki-Laki', '0067511342', '5315022008060007', 'Raja', '2006-08-20', '', 'Kristen Katolik', '', '', 'Raja', '', '', '', 'Lumut', 'Ndoso', 'Manggarai Barat', 86552, '', '', '', '', '', 0, '', '', '', '', '', '', '2021-06-22 07:21:38'),
(308, '', 'Bernadus Ridoni Frayento Umen', 'Laki-Laki', '0067511342', '5315022008060007', 'Raja', '2006-08-20', '', 'Kristen Katolik', '', '', 'Raja', '', '', '', 'Lumut', 'Ndoso', 'Manggarai Barat', 86552, '', '', '', '', '', 0, '', '', '', '', '', '', '2021-06-22 07:21:38'),
(309, '', 'Bernadus Ridoni Frayento Umen', 'Laki-Laki', '0067511342', '5315022008060007', 'Raja', '2006-08-20', '', 'Kristen Katolik', '', '', 'Raja', '', '', '', 'Lumut', 'Ndoso', 'Manggarai Barat', 86552, '', '', '', '', '', 0, '', '', '', '', '', '', '2021-06-22 07:21:39'),
(310, '', 'Bernadus Ridoni Frayento Umen', 'Laki-Laki', '0067511342', '5315022008060007', 'Raja', '2006-08-20', '', 'Kristen Katolik', '', '', 'Raja', '', '', '', 'Lumut', 'Ndoso', 'Manggarai Barat', 86552, '', '', '', '', '', 0, '', '', '', '', '', '', '2021-06-22 07:21:39'),
(311, 'SMKN1KUWUS/PPDB/2021-311', 'Meltiana Jemamu', 'Laki-Laki', '0044888675', '5315025909040002', 'Kalo', '2004-09-19', '', 'Kristen Katolik', '', '', '', '', '', '', 'Tehong', 'Ndoso', 'Manggarai Barat', 86750, '', '', '', '', '', 0, '', '', '', '', '', '', '2021-06-23 08:52:20'),
(312, 'SMKN1KUWUS/PPDB/2021-312', 'Maria Rista Ganung', 'Perempuan', '', '5315024607040002', 'Kalo', '2004-07-06', '', 'Kristen Katolik', '', '', '', '', '', '', 'Tehong', 'Ndoso', 'Manggarai Barat', 86750, '', '', '', '', '', 0, '', '', '', '', '', '', '2021-06-23 09:02:56'),
(313, 'SMKN1KUWUS/PPDB/2021-313', 'Kristina Nilai Inda', 'Perempuan', '0061576947', '5315024203060004', 'Kalo', '2006-03-02', '', 'Kristen Katolik', '', '', '', '', '', '', 'Tehong', 'Ndoso', 'Manggarai Barat', 86750, '', '', '', '', '', 0, '', '', '', '', '', '', '2021-06-23 09:12:26'),
(314, 'SMKN1KUWUS/PPDB/2021-314', 'Yohanes Avintus Sudirman', 'Laki-Laki', '0053718069', '5315022003050005', 'Waning', '2005-03-08', '', 'Kristen Katolik', '', '', '', '', '', '', 'Waning', 'Ndoso', 'Manggarai Barat', 86750, '', '', '', '', '', 0, '', '', '', '', '', '', '2021-06-23 09:22:48'),
(315, 'SMKN1KUWUS/PPDB/2021-315', 'YULIANA AJUN', 'Perempuan', '0054225756', '5315024504050003', 'MUANG', '2005-04-05', '', 'Kristen Katolik', '', '', 'MUANG', '', '', '', 'GOLO LEWE', 'KUWUS BARAT', 'Manggarai Barat', 0, '', '', '', '', '', 0, '', '', '', '', '', '', '2021-06-23 09:38:46'),
(316, 'SMKN1KUWUS/PPDB/2021-316', 'YASINTA JAYA', 'Perempuan', '0059409977', '5315025510050004', 'MUANG', '2005-10-15', '', 'Kristen Katolik', '', '', 'MUANG', '', '', '', 'GOLO LEWE', 'KUWUS BARAT', 'Manggarai Barat', 0, '', '', '', '', '', 0, '', '', '', '', '', '', '2021-06-23 09:49:31'),
(317, 'SMKN1KUWUS/PPDB/2021-317', 'MARIA DELCIANA NURTI', 'Perempuan', '0057927436', '5315024303050003', 'MUANG', '2005-03-03', '', 'Kristen Katolik', '', '', 'MUANG', '', '', '', 'GOLO LEWE', 'KUWUS BARAT', 'Manggarai Barat', 0, '', '', '', '', '', 0, '', '', '', '', '', '', '2021-06-23 09:55:23'),
(318, 'SMKN1KUWUS/PPDB/2021-318', 'FRUMENSIUS KATIJAN', 'Laki-Laki', '0048972114', '5315023010040002', 'MUANG', '2004-10-30', '', 'Kristen Katolik', '', '', 'MUANG', '', '', '', 'GOLO LEWE', 'KUWUS BARAT', 'Manggarai Barat', 0, '', '', '', '', '', 0, '', '', '', '', '', '', '2021-06-23 10:04:21'),
(319, 'SMKN1KUWUS/PPDB/2021-319', 'RIVALDUS BADUR', 'Laki-Laki', '0044992557', '53190503110440003', 'WELA', '2021-11-03', '', 'Kristen Katolik', '', '', 'BUNTAL', '', '', '', 'GOLO LIJUN', 'ELAR', 'Manggarai Timur', 0, '', '', '', '', '', 0, '', '', '', '', '', '', '2021-06-23 11:57:03'),
(320, 'SMKN1KUWUS/PPDB/2021-320', 'YAKOBUS EPRI NUBON', 'Laki-Laki', '0061034152', '5315013004060001', 'mawe', '2006-04-30', '', 'Kristen Katolik', '', '', 'mawe', '', '', '', 'golo lajang barat', 'pacar', 'Manggarai Barat', 0, '', '', '', '', '', 0, '', '', '', '', '', '', '2021-06-23 02:21:54'),
(321, 'SMKN1KUWUS/PPDB/2021-321', 'KALISIUS GONDENTUS', 'Laki-Laki', '0035538558', '5315011408030004', 'PUREK', '2003-08-14', '', 'Kristen Katolik', '', '', 'PUREK', '', '', '', 'PACAR', 'MACANG PACAR', 'Manggarai Barat', 0, '', '', '', '', '', 0, '', '', '', '', '', '', '2021-06-23 02:26:00'),
(322, 'SMKN1KUWUS/PPDB/2021-322', 'MARTINA MEMOS', 'Perempuan', '0069842637', '5315026912040014', 'TEBANG', '2004-12-29', '', 'Kristen Katolik', '', '', 'TEBANG', '', '', '', 'CUMPANG SUKA', 'KUWUS', 'Manggarai Barat', 0, '', '', '', '', '', 0, '', '', '', '', '', '', '2021-06-24 09:23:43'),
(323, 'SMKN1KUWUS/PPDB/2021-323', 'AGUSTINUS FARIANTO SYUKUR', 'Laki-Laki', '0065704565', '5310030508060002', 'MELER', '2006-08-05', '', 'Kristen Katolik', '', '', 'LAIT', '', '', '', 'KAKOR', 'RUTENG', 'Manggarai', 0, '', '', '', '', '', 0, '', '', '', '', '', '', '2021-06-24 09:57:38'),
(324, 'SMKN1KUWUS/PPDB/2021-324', 'SOLANIA REFAYA NAGUT', 'Perempuan', '0051104246', '5315025005060001', 'GONGGO', '2006-05-10', '', 'Kristen Katolik', '', '', 'DONGGO', '', '', '', 'TUENG', 'KUWUS BARAT', 'Manggarai Barat', 0, '', '', '', '', '', 0, '', '', '', '', '', '', '2021-06-24 10:20:17'),
(325, 'SMKN1KUWUS/PPDB/2021-325', 'FETRIANUS DARUNG', 'Laki-Laki', '', '', 'GOLOWELU', '2006-05-26', '', 'Kristen Katolik', '', '', 'COAL', '', '', '', 'COAL', 'KUWUS', 'Manggarai Barat', 0, '', '', '', '', '', 0, '', '', '', '', '', '', '2021-06-26 10:13:35'),
(326, 'SMKN1KUWUS/PPDB/2021-326', 'FEBRIANTO NANDA PUTRA MATUNG', 'Laki-Laki', '0061288959', '5315022708080003', 'MONSOK', '2006-02-05', '', 'Kristen Katolik', '', '', 'MONSOK', '', '', '', 'TENGKU', 'KUWUS BARAT', 'Manggarai Barat', 0, '', '', '', '', '', 0, '', '', '', '', '', '', '2021-06-28 10:00:13'),
(327, 'SMKN1KUWUS/PPDB/2021-327', 'MARSELINUS YEREMIAS JEHATU', 'Laki-Laki', '0068749986', '5315012603060004', 'PUREK', '2006-03-26', '', 'Kristen Katolik', '', '', 'PUREK', '', '', '', 'PACAR', 'PACAR', 'Manggarai Barat', 0, '', '', '', '', '', 0, '', '', '', '', '', '', '2021-06-28 10:24:11'),
(328, 'SMKN1KUWUS/PPDB/2021-328', 'GERVASIUS KRISTOFORUS AISAR', 'Laki-Laki', '0055902852', '5315021906050004', 'TADO', '2005-06-19', '', 'Kristen Katolik', '', '', 'TADO', '', '', '', 'RANGGU', 'KUWUS BARAT', 'Manggarai Barat', 0, '', '', '', '', '', 0, '', '', '', '', '', '', '2021-06-28 10:29:16'),
(329, 'SMKN1KUWUS/PPDB/2021-329', 'EDUARDUS NULIS', 'Laki-Laki', '0053717984', '5315021803050003', 'MASING', '2007-03-18', '', 'Kristen Katolik', '', '', 'MASING', '', '', '', 'GOLO RIWU', 'KUWUS BARAT', 'Manggarai Barat', 0, '', '', '', '', '', 0, '', '', '', '', '', '', '2021-06-28 11:48:09'),
(330, 'SMKN1KUWUS/PPDB/2021-330', 'LISTER DIANA NURBAYA', 'Perempuan', '', '5315024308040001', 'NDOSO', '2004-08-03', '', 'Kristen Katolik', '', '', 'NDOSO', '', '', '', 'NDOSO', 'NDOSO', 'Manggarai Barat', 0, '', '', '', '', '', 0, '', '', '', '', '', '', '2021-06-28 11:53:07'),
(331, 'SMKN1KUWUS/PPDB/2021-331', 'GODEFRIDUS JEWANDUT', 'Laki-Laki', '0058884708', '5315013011050004', 'TONGGONG DOLE', '2021-07-05', '', 'Kristen Katolik', '', '', 'TONGGONG DOLE', '', '', 'KOMBO', '', 'PACAR', 'Manggarai Barat', 0, '', '', '', '', '', 0, '', '', '', '', '', '', '2021-07-05 11:31:17'),
(333, 'SMKN1KUWUS/PPDB/2021-333', 'TRIFONA SETIA KEPING', 'Perempuan', '0045793630', '5315075411040001', 'SEMANG', '2004-11-14', '', 'Kristen Katolik', '', '', 'SEMANG', '', '', '', 'SEMANG', 'WELAK', 'Manggarai Barat', 0, '', '', '', '', '', 0, '', '', '', '', '', '', '2021-06-28 04:45:23'),
(334, '', 'TRIFONA SETIA KEPING', 'Perempuan', '0045793630', '5315075411040001', 'SEMANG', '2004-11-14', '', 'Kristen Katolik', '', '', 'SEMANG', '', '', '', 'SEMANG', 'WELAK', 'Manggarai Barat', 0, '', '', '', '', '', 0, '', '', '', '', '', '', '2021-06-28 04:45:23'),
(335, '', 'TRIFONA SETIA KEPING', 'Perempuan', '0045793630', '5315075411040001', 'SEMANG', '2004-11-14', '', 'Kristen Katolik', '', '', 'SEMANG', '', '', '', 'SEMANG', 'WELAK', 'Manggarai Barat', 0, '', '', '', '', '', 0, '', '', '', '', '', '', '2021-06-28 04:45:23'),
(336, '', 'TRIFONA SETIA KEPING', 'Perempuan', '0045793630', '5315075411040001', 'SEMANG', '2004-11-14', '', 'Kristen Katolik', '', '', 'SEMANG', '', '', '', 'SEMANG', 'WELAK', 'Manggarai Barat', 0, '', '', '', '', '', 0, '', '', '', '', '', '', '2021-06-28 04:45:24'),
(337, '', 'TRIFONA SETIA KEPING', 'Perempuan', '0045793630', '5315075411040001', 'SEMANG', '2004-11-14', '', 'Kristen Katolik', '', '', 'SEMANG', '', '', '', 'SEMANG', 'WELAK', 'Manggarai Barat', 0, '', '', '', '', '', 0, '', '', '', '', '', '', '2021-06-29 11:39:16'),
(338, 'SMKN1KUWUS/PPDB/2021-338', 'FRANSISKUS SETIAWAN BALANG', 'Laki-Laki', '0045648011', '5315023004040002', 'REDEK', '2004-04-30', '', 'Kristen Katolik', '', '', 'REDEK', '', '', '', 'SOMPANG KOLANG', 'KUWUS BARAT', 'Manggarai Barat', 0, '', '', '', '', '', 0, '', '', '', '', '', '', '2021-06-29 11:44:37'),
(339, 'SMKN1KUWUS/PPDB/2021-339', 'HENSIANUS YOSEFA GATOL', 'Laki-Laki', '0051847603', '5315010310050003', 'NGGORONG', '2005-10-03', '', 'Kristen Katolik', '', '', 'NGGORONG', '', '', '', 'LOHA', 'PACAR', 'Manggarai Barat', 0, '', '', '', '', '', 0, '', '', '', '', '', '', '2021-06-29 11:50:31'),
(340, 'SMKN1KUWUS/PPDB/2021-340', 'MARIA GORETI SAINUR', 'Perempuan', '0015645021', '5315026205030004', 'GOLOWOROK', '2004-05-22', '', 'Kristen Katolik', '', '', 'BANGKA LEWUR', '', '', '', 'LEWUR', 'KUWUS', 'Manggarai Barat', 0, '', '', '', '', '', 0, '', '', '', '', '', '', '2021-06-29 12:29:13'),
(341, 'SMKN1KUWUS/PPDB/2021-341', 'ATRIANI TUMIR', 'Perempuan', '0047641252', '5315022809040007', 'LEWUR', '2004-09-08', '', 'Kristen Katolik', '', '', 'LEWUR', '', '', '', 'LEWUR', 'KUWUS', 'Manggarai Barat', 0, '', '', '', '', '', 0, '', '', '', '', '', '', '2021-06-29 12:34:09'),
(343, '', 'SATRIANA TUTI', 'Perempuan', '0045956093', '5315024406040010', 'LEWUR BANGKA', '2004-06-04', '', 'Kristen Katolik', '', '', 'BANGKA', '', '', '', 'LEWUR', 'KUWUS', 'Manggarai Barat', 0, '', '', '', '', '', 0, '', '', '', '', '', '', '2021-06-29 12:37:45'),
(344, 'SMKN1KUWUS/PPDB/2021-344', 'SARTIANA TUTI', 'Perempuan', '0045956093', '5315024406040010', 'LEWUR BANGKA', '2004-06-04', '', 'Kristen Katolik', '', '', 'LEWUR BANGKA', '', '', '', 'LEWUR', 'KUWUS', 'Manggarai Barat', 0, '', '', '', '', '', 0, '', '', '', '', '', '', '2021-06-29 01:00:56'),
(345, 'SMKN1KUWUS/PPDB/2021-345', 'IFALDUS SATRIANUS AGUN', 'Laki-Laki', '0056594014', '5315021510050006', 'WAKA', '2005-10-15', '', 'Kristen Katolik', '', '', 'WAKA', '', '', '', 'GOLO WEDONG', 'KUWUS BARAT', 'Manggarai Barat', 0, '', '', '', '', '', 0, '', '', '', '', '', '', '2021-06-30 01:02:59'),
(346, 'SMKN1KUWUS/PPDB/2021-346', 'KONSTANTINUS HAMBUR', 'Laki-Laki', '0043928617', '5315020705040005', 'SUMAR', '2001-05-15', '', 'Kristen Katolik', '', '', 'SUMAR', '', '', '', 'TEHONG', 'NDOSO', 'Manggarai Barat', 0, '', '', '', '', '', 0, '', '', '', '', '', '', '2021-07-01 12:48:32'),
(347, 'SMKN1KUWUS/PPDB/2021-347', 'NASTIANA SURYANI', 'Perempuan', '0054543568', '5315026708050001', 'SANO', '2005-08-27', '', 'Kristen Katolik', '', '', 'SANO', '', '', '', 'MOMOL', 'NDOSO', 'Manggarai Barat', 0, '', '', '', '', '', 0, '', '', '', '', '', '', '2021-07-03 10:56:44'),
(348, 'SMKN1KUWUS/PPDB/2021-348', 'KRISTOFORUS DARMIN', 'Laki-Laki', '0052358562', '5315021101050004', 'KUBUR', '2005-11-11', '', 'Kristen Katolik', '', '', 'KUBUR', '', '', '', 'GOLO RU\"A', 'NDOSO', 'Manggarai Barat', 0, '', '', '', '', '', 0, '', '', '', '', '', '', '2021-07-03 11:01:57'),
(349, 'SMKN1KUWUS/PPDB/2021-349', 'ELEUTERIA PRETTY ASMAN', 'Perempuan', '0064011372', '5315025804060008', 'KUMBA', '2006-04-18', '', 'Kristen Katolik', '', '', 'PUREK', '', '', '', 'PONG NARANG', 'NDOSO', 'Manggarai Barat', 0, '', '', '', '', '', 0, '', '', '', '', '', '', '2021-07-03 11:07:08'),
(350, 'SMKN1KUWUS/PPDB/2021-350', 'YOVITA NURANI', 'Perempuan', '0048240627', '5315026605040003', 'LEDA', '2004-05-20', '', 'Kristen Katolik', '', '', 'LEDA', '', '', '', 'PANGGA', 'KUWUS', 'Manggarai Barat', 0, '', '', '', '', '', 0, '', '', '', '', '', '', '2021-07-03 11:11:28'),
(351, 'SMKN1KUWUS/PPDB/2021-351', 'KORDIANUS LATU', 'Laki-Laki', '0067276294', '', 'KASONG', '2006-07-03', '', 'Kristen Protestan', '', '', 'KASONG', '', '', '', 'KASONG', 'NDOSO', 'Manggarai Barat', 0, '', '', '', '', '', 0, '', '', '', '', '', '', '2021-07-03 11:14:31'),
(352, 'SMKN1KUWUS/PPDB/2021-352', 'YOHANES SASTRA WIJAYA', 'Laki-Laki', '0062832352', '5315022901060003', 'SOWANG', '2006-01-20', '', 'Kristen Katolik', '', '', 'METANG', '', '', '', 'WAE BUKA', 'NDOSO', 'Manggarai Barat', 0, '', '', '', '', '', 0, '', '', '', '', '', '', '2021-07-03 11:19:13'),
(353, 'SMKN1KUWUS/PPDB/2021-353', 'KRISTIYENI SUMARNI', 'Perempuan', '', '5315026807050001', 'LAWI', '2005-07-28', '', 'Kristen Katolik', '', '', 'LAWI', '', '', '', 'SOMPANG KOLANG', 'KUWUS BARAT', 'Manggarai Barat', 0, '', '', '', '', '', 0, '', '', '', '', '', '', '2021-07-05 09:42:32');

-- --------------------------------------------------------

--
-- Table structure for table `tb_registrasi`
--

CREATE TABLE `tb_registrasi` (
  `ID_Reg` int(11) NOT NULL,
  `ID_Jurusan` int(11) NOT NULL,
  `NIS` varchar(10) NOT NULL,
  `Tgl_Masuk` date NOT NULL,
  `Asal_Sekolah` varchar(100) NOT NULL,
  `Tahun_Lulus` int(11) NOT NULL,
  `No_Ujian` varchar(30) NOT NULL,
  `No_Ijazah` varchar(30) NOT NULL,
  `No_SKHU` varchar(30) NOT NULL,
  `wu_registrasi` datetime NOT NULL,
  `ID_Siswa` int(11) NOT NULL,
  `ID_Guru` int(11) NOT NULL,
  `ID_Kelas` int(11) NOT NULL
) ENGINE=InnoDB DEFAULT CHARSET=latin1;

--
-- Dumping data for table `tb_registrasi`
--

INSERT INTO `tb_registrasi` (`ID_Reg`, `ID_Jurusan`, `NIS`, `Tgl_Masuk`, `Asal_Sekolah`, `Tahun_Lulus`, `No_Ujian`, `No_Ijazah`, `No_SKHU`, `wu_registrasi`, `ID_Siswa`, `ID_Guru`, `ID_Kelas`) VALUES
(20, 4, '', '0000-00-00', 'SMPN 1 KUWUS', 2021, '', '', '', '2021-06-05 10:36:10', 50, 0, 0),
(21, 4, '', '0000-00-00', 'SMPN 1 KUWUS', 2021, '', '', '', '2021-06-05 10:41:46', 51, 0, 0),
(22, 4, '', '0000-00-00', 'SMPN 1 KUWUS', 2021, '', '', '', '2021-06-05 10:50:24', 52, 0, 0),
(24, 4, '', '0000-00-00', 'SMPN 3 NDOSO', 2021, '', '', '', '2021-06-05 03:02:26', 54, 0, 0),
(25, 4, '', '0000-00-00', 'SMPN 3 NDOSO', 2021, '', '', '', '2021-06-05 03:08:04', 55, 0, 0),
(26, 4, '', '0000-00-00', 'smpn 3 momol', 2021, '', '', '', '2021-06-07 02:35:10', 56, 0, 0),
(27, 4, '', '0000-00-00', 'SMPN 1 KUWUS ', 2021, '', '', '', '2021-06-07 02:40:36', 57, 0, 0),
(28, 2, '', '0000-00-00', 'SMPN 1 KUWUS', 2021, '', '', '', '2021-06-07 02:47:32', 58, 0, 0),
(29, 4, '', '0000-00-00', 'SMPN 1 KUWUS BARAT', 2021, '', '', '', '2021-06-07 02:52:24', 59, 0, 0),
(30, 3, '', '0000-00-00', 'SMPN 1 KUWUS', 2021, '', '', '', '2021-06-07 02:56:46', 60, 0, 0),
(31, 1, '', '0000-00-00', 'SMPN 1 KUWUS', 2021, '', '', '', '2021-06-07 03:02:38', 61, 0, 0),
(32, 4, '', '0000-00-00', 'SMPN 1 KUWUS BARAT', 2021, '', '', '', '2021-06-07 03:11:28', 62, 0, 0),
(33, 4, '', '0000-00-00', 'SMPN 1 KUWUS', 2021, '', '', '', '2021-06-07 03:16:46', 63, 0, 0),
(34, 4, '', '0000-00-00', 'SMPN 1 KUWUS', 2021, '', '', '', '2021-06-07 03:20:45', 64, 0, 0),
(35, 4, '', '0000-00-00', 'SMPN 1 KUWUS', 2021, '', '', '', '2021-06-07 03:59:16', 65, 0, 0),
(36, 4, '', '0000-00-00', 'SMPN 1 NDOSO', 2021, '', '', '', '2021-06-07 04:03:50', 66, 0, 0),
(37, 4, '', '0000-00-00', 'SMPN 1 NDOSO ', 2021, '', '', '', '2021-06-07 04:09:20', 67, 0, 0),
(38, 4, '', '0000-00-00', 'SMPN 1 NDOSO', 2021, '', '', '', '2021-06-07 04:14:02', 68, 0, 0),
(41, 1, '', '0000-00-00', 'SMPN 4 RUTENG', 2021, '', '', '', '2021-06-07 05:36:36', 71, 0, 0),
(42, 4, '', '0000-00-00', 'SMPN LAMBUR', 2021, '', '', '', '2021-06-08 03:45:10', 72, 0, 0),
(43, 4, '', '0000-00-00', 'SMPN LAMBUR', 2021, '', '', '', '2021-06-08 03:52:01', 73, 0, 0),
(44, 4, '', '0000-00-00', 'SMP ST. FRANSISKUS SAVERIUS RUTENG', 2021, '', '', '', '2021-06-08 03:56:09', 74, 0, 0),
(45, 4, '', '0000-00-00', 'SMPN 1 KUWUS', 2021, '', '', '', '2021-06-08 04:00:05', 75, 0, 0),
(46, 4, '', '0000-00-00', 'SMPN 4 KUWUS', 2021, '', '', '', '2021-06-08 04:08:43', 76, 0, 0),
(48, 4, '', '0000-00-00', 'SMPN 1 KUWUS', 2021, '', '', '', '2021-06-08 04:20:01', 78, 0, 0),
(49, 4, '', '0000-00-00', 'SMP KEMASYARAKATAN NDOSO', 2021, '', '', '', '2021-06-08 04:26:23', 79, 0, 0),
(51, 4, '', '0000-00-00', 'SMPN 3NDOSO', 2021, '', '', '', '2021-06-08 04:37:44', 81, 0, 0),
(64, 4, '', '0000-00-00', 'SMPN 1 KUWUS', 2021, '', '', '', '2021-06-08 04:58:01', 94, 0, 0),
(65, 2, '', '0000-00-00', 'SMPN LAMBUR', 2021, '', '', '', '2021-06-08 05:06:10', 84, 0, 0),
(66, 4, '', '0000-00-00', 'SMPN 1 KUWUS', 2021, '', '', '', '2021-06-09 07:35:51', 96, 0, 0),
(67, 4, '', '0000-00-00', 'SMPN 1 KUWUS', 2021, '', '', '', '2021-06-09 07:54:11', 97, 0, 0),
(68, 4, '', '0000-00-00', 'SMPN 3 NDOSO', 2021, '', '', '', '2021-06-09 09:14:22', 98, 0, 0),
(69, 4, '', '0000-00-00', 'SMPN  3 KUWUS', 2021, '', '', '', '2021-06-09 09:29:40', 99, 0, 0),
(70, 4, '', '0000-00-00', 'SMPN 5 NDOSO', 2021, '', '', '', '2021-06-09 12:07:43', 100, 0, 0),
(71, 4, '', '0000-00-00', 'SMPN 5 NDOSO', 2021, '', '', '', '2021-06-09 12:14:34', 101, 0, 0),
(72, 4, '', '0000-00-00', 'SMPN 5 NDOSO', 2021, '', '', '', '2021-06-09 12:22:21', 102, 0, 0),
(73, 4, '', '0000-00-00', 'SMPN  5 NDOSO', 2021, '', '', '', '2021-06-09 12:29:20', 103, 0, 0),
(74, 4, '', '0000-00-00', 'SMP KEMASYARAKATAN NDOSO', 2021, '', '', '', '2021-06-09 12:40:25', 104, 0, 0),
(75, 2, '', '0000-00-00', 'SMPN 1 KUWUS', 2021, '', '', '', '2021-06-09 03:17:38', 105, 0, 0),
(76, 4, '', '0000-00-00', 'SMPN 3 KUWUS', 2021, '', '', '', '2021-06-09 03:24:20', 106, 0, 0),
(77, 4, '', '0000-00-00', 'SMPN 3 KUWUS', 2021, '', '', '', '2021-06-09 03:29:34', 107, 0, 0),
(78, 4, '', '0000-00-00', 'SMPN 6 RUTENG', 2021, '', '', '', '2021-06-09 03:35:22', 108, 0, 0),
(79, 4, '', '0000-00-00', 'SMPN 1 KUWUS', 2021, '', '', '', '2021-06-09 03:40:02', 109, 0, 0),
(80, 4, '', '0000-00-00', 'SMPN 1 NDOSO', 2021, '', '', '', '2021-06-09 03:47:18', 110, 0, 0),
(81, 4, '', '0000-00-00', 'SMPN 1 KUWUS', 2021, '', '', '', '2021-06-09 03:52:59', 111, 0, 0),
(82, 4, '', '0000-00-00', 'SMPN 1 KUWUS', 2021, '', '', '', '2021-06-09 03:56:41', 112, 0, 0),
(83, 4, '', '0000-00-00', 'SMPN KEMASYARAKATAN NDOSO', 2021, '', '', '', '2021-06-09 04:37:11', 113, 0, 0),
(84, 4, '', '0000-00-00', 'SMP KEMASYARAKATAN NDOSO', 2021, '', '', '', '2021-06-09 04:54:57', 114, 0, 0),
(85, 4, '', '0000-00-00', 'SMPN 3 KUWUS', 2021, '', '', '', '2021-06-11 08:04:31', 115, 0, 0),
(86, 4, '', '0000-00-00', 'SMPN 2 KUWUS BARAT', 2021, '', '', '', '2021-06-11 08:09:58', 116, 0, 0),
(87, 4, '', '0000-00-00', 'SMPN 1 KUWUS', 2021, '', '', '', '2021-06-11 08:14:35', 117, 0, 0),
(88, 2, '', '0000-00-00', 'SMPN 6 RUTENG', 2021, '', '', '', '2021-06-11 08:20:36', 118, 0, 0),
(89, 4, '', '0000-00-00', 'SMP KEMASYARAKATAN NDOSO', 2021, '', '', '', '2021-06-11 08:25:59', 119, 0, 0),
(90, 2, '', '0000-00-00', 'SMPN 3 KUWUS', 2021, '', '', '', '2021-06-11 08:30:50', 120, 0, 0),
(91, 1, '', '0000-00-00', 'SMPN 3 KUWUS', 2021, '', '', '', '2021-06-11 08:37:18', 121, 0, 0),
(92, 4, '', '0000-00-00', 'SMPN 4 KUWUS', 2021, '', '', '', '2021-06-11 08:44:02', 122, 0, 0),
(93, 4, '', '0000-00-00', 'SMP KEMASYARAKATAN NDOSO', 2021, '', '', '', '2021-06-11 08:49:24', 123, 0, 0),
(94, 4, '', '0000-00-00', 'SMPN 2 KUWUS BARAT', 2021, '', '', '', '2021-06-11 08:54:27', 124, 0, 0),
(95, 1, '', '0000-00-00', 'SMPN 2 LAMBUR', 2021, '', '', '', '2021-06-11 08:58:58', 125, 0, 0),
(96, 4, '', '0000-00-00', 'SMPN 2 KUWUS', 2021, '', '', '', '2021-06-11 01:50:47', 126, 0, 0),
(97, 4, '', '0000-00-00', 'SMPN 3KUWUS ', 2021, '', '', '', '2021-06-11 01:59:25', 127, 0, 0),
(98, 4, '', '0000-00-00', 'SMPN 3 KUWUS', 2021, '', '', '', '2021-06-11 02:05:28', 128, 0, 0),
(99, 4, '', '0000-00-00', 'SMPN 3 NNDOSO', 2021, '', '', '', '2021-06-11 02:11:59', 129, 0, 0),
(100, 4, '', '0000-00-00', 'SMPN 3 KUWUS', 2021, '', '', '', '2021-06-11 02:25:03', 130, 0, 0),
(102, 4, '', '0000-00-00', 'SMPN 4 RUTENG', 2021, '', '', '', '2021-06-12 05:10:03', 132, 0, 0),
(103, 4, '', '0000-00-00', 'SMPN 1 WETIK', 2021, '', '', '', '2021-06-12 05:12:47', 133, 0, 0),
(104, 4, '', '0000-00-00', 'SMPN 1 WETIK', 2021, '', '', '', '2021-06-12 05:15:07', 134, 0, 0),
(105, 4, '', '0000-00-00', 'SMPN 1 WETIK', 2021, '', '', '', '2021-06-12 05:15:15', 144, 0, 0),
(106, 4, '', '0000-00-00', 'SMP KATOLIK DIAN PADANG', 2021, '', '', '', '2021-06-12 05:20:00', 136, 0, 0),
(107, 4, '', '0000-00-00', 'SMPN 6 RUTENG RENTUNG', 2021, '', '', '', '2021-06-12 05:27:01', 137, 0, 0),
(108, 4, '', '0000-00-00', 'SMPN 12 SATAR MESE', 2020, '', '', '', '2021-06-12 05:33:55', 138, 0, 0),
(109, 4, '', '0000-00-00', 'SMPN 4 RUTENG LENGOR', 2021, '', '', '', '2021-06-12 05:38:49', 139, 0, 0),
(110, 1, '', '0000-00-00', 'SMPN 2 KUWUS', 2021, '', '', '', '2021-06-12 05:46:39', 140, 0, 0),
(111, 1, '', '0000-00-00', 'SMPN 2 KUWUS', 2021, '', '', '', '2021-06-12 05:54:39', 141, 0, 0),
(112, 4, '', '0000-00-00', 'SMPN 1 KUWUS', 2021, '', '', '', '2021-06-12 06:10:50', 142, 0, 0),
(115, 2, '', '0000-00-00', 'SMPN 2 LABUR', 2021, '', '', '', '2021-06-14 10:24:12', 145, 0, 0),
(116, 4, '', '0000-00-00', 'SMPN 4 RAKA', 2021, '', '', '', '2021-06-14 03:31:08', 146, 0, 0),
(117, 4, '', '0000-00-00', 'SMPN 4 NDOSO', 2021, '', '', '', '2021-06-14 03:36:28', 147, 0, 0),
(119, 4, '', '0000-00-00', 'SMPN 4 NDOSO', 2021, '', '', '', '2021-06-14 03:48:15', 149, 0, 0),
(120, 4, '', '0000-00-00', 'SMPN 3 KUWUS', 2021, '', '', '', '2021-06-14 03:54:44', 150, 0, 0),
(121, 4, '', '0000-00-00', 'SMPN 4 NDOSO', 2021, '', '', '', '2021-06-14 03:59:50', 151, 0, 0),
(122, 4, '', '0000-00-00', 'SMPN 1 NDOSO', 2021, '', '', '', '2021-06-14 04:06:26', 152, 0, 0),
(123, 4, '', '0000-00-00', 'SMPN 1 KUWUS', 2021, '', '', '', '2021-06-14 04:14:07', 153, 0, 0),
(125, 2, '', '0000-00-00', 'SMPN 6 RUTENG', 2021, '', '', '', '2021-06-14 05:22:03', 155, 0, 0),
(127, 2, '', '0000-00-00', 'SMPN 9 RUTENG', 2021, '', '', '', '2021-06-14 05:41:29', 157, 0, 0),
(128, 4, '', '0000-00-00', 'SMPN 1 NDOSO', 2021, '', '', '', '2021-06-14 05:47:09', 158, 0, 0),
(129, 4, '', '0000-00-00', 'SMPN 5 NDOSO', 2021, '', '', '', '2021-06-14 05:51:19', 159, 0, 0),
(130, 4, '', '0000-00-00', 'SMPN 5 NDOSO', 2021, '', '', '', '2021-06-14 05:55:30', 160, 0, 0),
(132, 4, '', '0000-00-00', 'SMPN 3 NDOSO', 2021, '', '', '', '2021-06-14 06:03:38', 162, 0, 0),
(133, 4, '', '0000-00-00', 'SMPN 3 KUWUS', 2021, '', '', '', '2021-06-14 06:08:03', 163, 0, 0),
(134, 4, '', '0000-00-00', 'SMPN 2 KUWUS', 2021, '', '', '', '2021-06-14 06:12:15', 164, 0, 0),
(135, 2, '', '0000-00-00', 'SMPN 2 KUWUS', 2021, '', '', '', '2021-06-14 06:16:12', 165, 0, 0),
(136, 2, '', '0000-00-00', 'SMPN 2 KUWUS', 2021, '', '', '', '2021-06-14 06:23:04', 166, 0, 0),
(137, 2, '', '0000-00-00', 'SMPN 2 KUWUS', 2021, '', '', '', '2021-06-14 06:31:56', 167, 0, 0),
(138, 1, '', '0000-00-00', 'SMPN 3 KUWUS', 2021, '', '', '', '2021-06-14 06:40:53', 168, 0, 0),
(139, 1, '', '0000-00-00', 'SMPN 6 NDOSO', 2021, '', '', '', '2021-06-14 06:47:51', 169, 0, 0),
(140, 1, '', '0000-00-00', 'SMPN 6 NDOSO', 2021, '', '', '', '2021-06-14 06:53:03', 170, 0, 0),
(141, 2, '', '0000-00-00', 'SMPN 2 KUWUS BARAT', 2021, '', '', '', '2021-06-14 06:59:57', 171, 0, 0),
(142, 4, '', '0000-00-00', 'SMPN 3 NDOSO', 2021, '', '', '', '2021-06-14 07:05:34', 172, 0, 0),
(144, 1, '', '0000-00-00', 'SMPN  4 NDOSO', 2021, '', '', '', '2021-06-14 07:13:03', 174, 0, 0),
(145, 4, '', '0000-00-00', 'SMPN 1 KUWUS', 2021, '', '', '', '2021-06-14 07:22:31', 156, 0, 0),
(146, 1, '', '0000-00-00', 'SMPN 6 LARENG', 2021, '', '', '', '2021-06-14 07:29:36', 176, 0, 0),
(148, 4, '', '0000-00-00', 'SMPN 2 KUWUS', 2021, '', '', '', '2021-06-15 09:37:44', 178, 0, 0),
(149, 4, '', '0000-00-00', 'SMPN 2KUWUS', 2021, '', '', '', '2021-06-15 09:47:43', 179, 0, 0),
(150, 4, '', '0000-00-00', 'SMPN 2 KUWUS', 2021, '', '', '', '2021-06-15 09:55:52', 180, 0, 0),
(151, 4, '', '0000-00-00', 'SMPN 2 KUWUS', 2021, '', '', '', '2021-06-15 10:08:08', 181, 0, 0),
(152, 4, '', '0000-00-00', 'SMPN 1 KUWUS', 2021, '', '', '', '2021-06-15 10:29:13', 182, 0, 0),
(153, 4, '', '0000-00-00', 'SMPN 4 RUTENG', 2021, '', '', '', '2021-06-15 10:38:00', 183, 0, 0),
(154, 3, '', '0000-00-00', 'SMPN 3 KUWUS', 2021, '', '', '', '2021-06-15 10:47:39', 184, 0, 0),
(155, 3, '', '0000-00-00', 'SMPN 3 KUWUS', 2021, '', '', '', '2021-06-15 10:54:55', 185, 0, 0),
(157, 3, '', '0000-00-00', 'SMPN 4 KUWUS BARAT', 2021, '', '', '', '2021-06-15 01:38:09', 187, 0, 0),
(159, 4, '', '0000-00-00', 'SMPN 10 RUTENG', 2021, '', '', '', '2021-06-15 02:11:58', 189, 0, 0),
(160, 1, '', '0000-00-00', 'SMPN 3 NDOSO', 2021, '', '', '', '2021-06-15 02:16:06', 190, 0, 0),
(161, 2, '', '0000-00-00', 'SMPN 10 RUTENG', 2021, '', '', '', '2021-06-15 02:22:12', 191, 0, 0),
(162, 2, '', '0000-00-00', 'SMPN 4 KUWUS BARAT', 2021, '', '', '', '2021-06-15 02:25:02', 192, 0, 0),
(163, 2, '', '0000-00-00', 'SMPN 2 KUWUS BARAT', 2021, '', '', '', '2021-06-15 02:28:58', 193, 0, 0),
(164, 2, '', '0000-00-00', 'SMPN 3 KUWUS', 2021, '', '', '', '2021-06-15 03:24:38', 188, 0, 0),
(165, 2, '', '0000-00-00', 'SMPN 2 KUWUS BARAT', 2021, '', '', '', '2021-06-15 03:30:49', 195, 0, 0),
(166, 3, '', '0000-00-00', 'SMPN 5 NDOSO', 2021, '', '', '', '2021-06-15 03:36:57', 196, 0, 0),
(167, 1, '', '0000-00-00', 'SMPN 3 KUWUS', 2021, '', '', '', '2021-06-15 03:44:10', 197, 0, 0),
(168, 4, '', '0000-00-00', 'SMP KEMASYARAKATAN NDOSO', 2021, '', '', '', '2021-06-15 03:46:56', 198, 0, 0),
(169, 4, '', '0000-00-00', 'SMPN 4 RAHONG UTARA', 2021, '', '', '', '2021-06-15 03:49:56', 199, 0, 0),
(170, 2, '', '0000-00-00', 'SMPN 4 RUTENG', 2021, '', '', '', '2021-06-15 03:53:04', 200, 0, 0),
(171, 2, '', '0000-00-00', 'SMPN 3 KUWUS ', 2021, '', '', '', '2021-06-15 03:55:23', 201, 0, 0),
(172, 3, '', '0000-00-00', 'SMPN 3 PACAR', 2021, '', '', '', '2021-06-15 04:00:26', 202, 0, 0),
(173, 1, '', '0000-00-00', 'SMPN 4 KUWUS BARAT', 2021, '', '', '', '2021-06-15 04:08:09', 203, 0, 0),
(174, 1, '', '0000-00-00', 'SMPN 2 KUWUS BARAT', 2021, '', '', '', '2021-06-15 04:14:26', 204, 0, 0),
(175, 4, '', '0000-00-00', 'SMPN 2 KUWUS BARAT', 2021, '', '', '', '2021-06-15 04:20:24', 205, 0, 0),
(176, 2, '', '0000-00-00', 'SMPN 3 KUWUS', 2021, '', '', '', '2021-06-16 11:02:58', 206, 0, 0),
(177, 2, '', '0000-00-00', 'SMPN 3 KUWUS', 2021, '', '', '', '2021-06-16 11:13:31', 207, 0, 0),
(178, 2, '', '0000-00-00', 'SMPN 3 KUWUS', 2021, '', '', '', '2021-06-16 11:18:26', 208, 0, 0),
(179, 1, '', '0000-00-00', 'SMPN 1 KUWUS BARAT', 2021, '', '', '', '2021-06-18 07:09:08', 209, 0, 0),
(180, 2, '', '0000-00-00', 'SMPN 9 KUWUS BARAT', 2021, '', '', '', '2021-06-18 07:14:49', 210, 0, 0),
(181, 2, '', '0000-00-00', 'SMPN 9 KUWUS BARAT', 2021, '', '', '', '2021-06-18 07:18:23', 211, 0, 0),
(182, 2, '', '0000-00-00', 'SMPN 9 KUWUS BARAT', 2021, '', '', '', '2021-06-18 07:23:09', 212, 0, 0),
(183, 4, '', '0000-00-00', 'SMPN 1 NDOSO', 2021, '', '', '', '2021-06-18 07:27:37', 213, 0, 0),
(184, 1, '', '0000-00-00', 'SMPN 1 KUWUS', 2021, '', '', '', '2021-06-18 07:32:17', 214, 0, 0),
(185, 3, '', '0000-00-00', 'SMPN  1 NDOSO', 2021, '', '', '', '2021-06-18 07:38:32', 215, 0, 0),
(186, 1, '', '0000-00-00', 'SMPN 4 KUWUS BARAT', 2021, '', '', '', '2021-06-18 07:42:57', 216, 0, 0),
(187, 1, '', '0000-00-00', 'SMPN 4 NDOSO', 2021, '', '', '', '2021-06-18 07:46:38', 217, 0, 0),
(188, 2, '', '0000-00-00', 'SMPN 3 MCANG PACAR', 2021, '', '', '', '2021-06-18 07:50:57', 218, 0, 0),
(189, 2, '', '0000-00-00', 'SMPN 4 NDOSO', 2021, '', '', '', '2021-06-18 07:55:43', 219, 0, 0),
(190, 2, '', '0000-00-00', 'SMP KATOLIK DIAN PADANG', 2021, '', '', '', '2021-06-18 08:00:07', 220, 0, 0),
(191, 1, '', '0000-00-00', 'SMPN 2 KUWUS BARAT', 2021, '', '', '', '2021-06-18 08:09:28', 221, 0, 0),
(192, 1, '', '0000-00-00', 'SMPN 4 KUWUS BARAT', 2021, '', '', '', '2021-06-18 08:13:31', 222, 0, 0),
(193, 4, '', '0000-00-00', 'SMPN 9 KUWUS BARAT', 2021, '', '', '', '2021-06-18 08:23:31', 223, 0, 0),
(194, 3, '', '0000-00-00', 'SMPN 3 NDOSO', 2021, '', '', '', '2021-06-18 08:27:46', 224, 0, 0),
(195, 4, '', '0000-00-00', 'SMPN 1 NDOSO', 2021, '', '', '', '2021-06-18 08:31:52', 225, 0, 0),
(196, 4, '', '0000-00-00', 'SMPN 4 KUWUS', 2021, '', '', '', '2021-06-18 08:36:59', 226, 0, 0),
(197, 4, '', '0000-00-00', 'SMPN 2 MACANG PACAR', 2021, '', '', '', '2021-06-18 08:42:30', 227, 0, 0),
(201, 2, '', '0000-00-00', 'SMPN 2 KUWUS BARAT', 2021, '', '', '', '2021-06-18 09:37:54', 231, 0, 0),
(202, 3, '', '0000-00-00', 'SMPN 1 NDOSO', 2021, '', '', '', '2021-06-18 09:49:42', 232, 0, 0),
(203, 2, '', '0000-00-00', 'SMPN 6 PACAR', 2021, '', '', '', '2021-06-18 10:00:32', 233, 0, 0),
(204, 4, '', '0000-00-00', 'SMPN 1 NDOSO', 2021, '', '', '', '2021-06-18 10:26:22', 234, 0, 0),
(205, 4, '', '0000-00-00', 'SMPN 1 KUWUS', 2021, '', '', '', '2021-06-18 10:41:12', 235, 0, 0),
(206, 1, '', '0000-00-00', 'SMPN 6 PACAR', 2021, '', '', '', '2021-06-18 10:52:53', 236, 0, 0),
(207, 1, '', '0000-00-00', 'SMPN 6 NDOSO', 2021, '', '', '', '2021-06-18 11:08:05', 237, 0, 0),
(208, 4, '', '0000-00-00', 'SMPN 1 NDOSO', 2021, '', '', '', '2021-06-18 11:30:07', 238, 0, 0),
(210, 2, '', '0000-00-00', 'SMP KATOLIK DIAN PADANG', 2021, '', '', '', '2021-06-18 11:52:55', 240, 0, 0),
(211, 4, '', '0000-00-00', 'SMPN 1 NDOSO', 2021, '', '', '', '2021-06-18 11:58:40', 241, 0, 0),
(212, 4, '', '0000-00-00', 'SMPN 1 KUWUS', 2021, '', '', '', '2021-06-19 12:09:00', 242, 0, 0),
(213, 1, '', '0000-00-00', 'SMPN 2 KUWUS', 2021, '', '', '', '2021-06-19 12:17:22', 243, 0, 0),
(214, 2, '', '0000-00-00', 'SMPN 9 KUWUS BARAT', 2021, '', '', '', '2021-06-19 12:23:57', 244, 0, 0),
(215, 1, '', '0000-00-00', 'SMPN 1 KUWUS', 2021, '', '', '', '2021-06-19 12:30:32', 245, 0, 0),
(216, 4, '', '0000-00-00', 'SMPN 2 KUWUS BARAT', 2021, '', '', '', '2021-06-19 12:45:41', 246, 0, 0),
(217, 4, '', '0000-00-00', 'SMPN 2KUWUS BARAT', 2021, '', '', '', '2021-06-19 12:54:25', 247, 0, 0),
(218, 4, '', '0000-00-00', 'SMPN 1 KUWUS BARAT', 2021, '', '', '', '2021-06-19 12:59:55', 248, 0, 0),
(219, 3, '', '0000-00-00', 'SMPN  3 NDOSO', 2020, '', '', '', '2021-06-19 01:03:36', 249, 0, 0),
(220, 1, '', '0000-00-00', 'SMPN 2 KUWUS', 2021, '', '', '', '2021-06-19 01:08:31', 250, 0, 0),
(221, 4, '', '0000-00-00', 'SMPN 1 KUWUS BARAT', 2021, '', '', '', '2021-06-19 09:45:17', 251, 0, 0),
(222, 2, '', '0000-00-00', 'SMPN 2 KUWUS BARAT', 2021, '', '', '', '2021-06-19 10:15:01', 252, 0, 0),
(223, 4, '', '0000-00-00', 'SMPN 4 NDOSO', 2021, '', '', '', '2021-06-19 10:46:35', 253, 0, 0),
(224, 4, '', '0000-00-00', 'SMPN 2 KUWUS', 2021, '', '', '', '2021-06-21 09:46:18', 254, 0, 0),
(225, 2, '', '0000-00-00', 'SMPN 1 KUWUS BARAT', 2021, '', '', '', '2021-06-21 09:55:39', 255, 0, 0),
(226, 2, '', '0000-00-00', 'SMPN 2 KUWUS BARAT', 2021, '', '', '', '2021-06-21 10:07:53', 256, 0, 0),
(227, 4, '', '0000-00-00', 'SMPN 3 PACAR', 2021, '', '', '', '2021-06-21 10:15:46', 257, 0, 0),
(228, 2, '', '0000-00-00', 'SMPN 2 KUWUS', 2021, '', '', '', '2021-06-21 10:41:57', 258, 0, 0),
(229, 4, '', '0000-00-00', 'SMPN 4 NDOSO', 2021, '', '', '', '2021-06-21 11:44:29', 259, 0, 0),
(230, 4, '', '0000-00-00', 'SMPN  4 NDOSO', 2021, '', '', '', '2021-06-21 11:48:54', 260, 0, 0),
(231, 4, '', '0000-00-00', 'SMPN 5 WELAK', 2021, '', '', '', '2021-06-21 11:53:47', 261, 0, 0),
(232, 4, '', '0000-00-00', 'SMPN 5 WELAK', 2021, '', '', '', '2021-06-21 11:58:58', 262, 0, 0),
(233, 4, '', '0000-00-00', 'SMPN 5 WELAK', 2021, '', '', '', '2021-06-21 12:03:12', 263, 0, 0),
(234, 1, '', '0000-00-00', 'SMPN 6 NDOSO', 2021, '', '', '', '2021-06-21 01:34:51', 264, 0, 0),
(235, 1, '', '0000-00-00', 'SMPN 6 NDOSO', 2021, '', '', '', '2021-06-21 01:39:40', 265, 0, 0),
(236, 4, '', '0000-00-00', 'SMPN 1 CANCAR', 2021, '', '', '', '2021-06-21 01:46:55', 266, 0, 0),
(237, 1, '', '0000-00-00', 'SMPN 2 KUWUS BARAT', 2021, '', '', '', '2021-06-21 01:51:24', 267, 0, 0),
(238, 3, '', '0000-00-00', 'SMPN 1 NDOSO', 2021, '', '', '', '2021-06-21 01:58:50', 268, 0, 0),
(239, 3, '', '0000-00-00', 'SMPN 1NDOSO', 2021, '', '', '', '2021-06-21 02:04:40', 269, 0, 0),
(240, 2, '', '0000-00-00', 'SMPN 6 NDOSO', 2021, '', '', '', '2021-06-21 02:10:11', 270, 0, 0),
(241, 4, '', '0000-00-00', 'SMPN 1 PACAR', 2021, '', '', '', '2021-06-21 03:29:43', 271, 0, 0),
(242, 4, '', '0000-00-00', 'SMPN 3 NDOSO', 2021, '', '', '', '2021-06-21 03:32:59', 272, 0, 0),
(243, 2, '', '0000-00-00', 'SMPN 3 KUWUS', 2021, '', '', '', '2021-06-21 09:13:47', 273, 0, 0),
(244, 1, '', '0000-00-00', 'SMPN 4 NDOSO', 2021, '', '', '', '2021-06-22 01:25:53', 274, 0, 0),
(245, 4, '', '0000-00-00', 'SMPN 5 WELAK', 2021, '', '', '', '2021-06-22 01:29:19', 275, 0, 0),
(246, 2, '', '0000-00-00', 'SMPN 4 KUWUS BARAT', 2021, '', '', '', '2021-06-22 01:33:05', 276, 0, 0),
(247, 4, '', '0000-00-00', 'SMPN 4 KUWUS', 2021, '', '', '', '2021-06-22 01:37:18', 277, 0, 0),
(248, 1, '', '0000-00-00', 'SMPN 1 NDOSO', 2021, '', '', '', '2021-06-22 01:40:42', 278, 0, 0),
(249, 2, '', '0000-00-00', 'SMPN 2 NDOSO', 2021, '', '', '', '2021-06-22 01:44:21', 279, 0, 0),
(250, 1, '', '0000-00-00', 'SMPN 3 NDOSO', 2021, '', '', '', '2021-06-22 01:47:10', 280, 0, 0),
(269, 1, '', '0000-00-00', 'SMPN 4 KUWUS BARAT', 2021, '', '', '', '2021-06-22 01:55:29', 299, 0, 0),
(270, 4, '', '0000-00-00', 'SMPN 1 NDOSO', 2021, '', '', '', '2021-06-22 05:06:15', 300, 0, 0),
(271, 4, '', '0000-00-00', 'SMPN 5 RUTENG', 2021, '', '', '', '2021-06-22 05:08:22', 301, 0, 0),
(272, 4, '', '0000-00-00', 'SMPN 3 RAHONG UTARA', 2021, '', '', '', '2021-06-22 05:10:54', 302, 0, 0),
(273, 4, '', '0000-00-00', 'SMPN 3 KUWUS', 2021, '', '', '', '2021-06-22 05:13:47', 303, 0, 0),
(281, 4, '', '0000-00-00', 'SMP negeri 1 Ndoso', 2021, '', '', '', '2021-06-23 08:52:20', 311, 0, 0),
(282, 4, '', '0000-00-00', 'SMP Negeri 1 Ndoso', 2021, '', '', '', '2021-06-23 09:02:56', 312, 0, 0),
(283, 4, '', '0000-00-00', 'SMP Negeri 1 Ndoso', 2021, '', '', '', '2021-06-23 09:12:26', 313, 0, 0),
(284, 4, '', '0000-00-00', 'SMP Negeri 1 Ndoso', 2021, '', '', '', '2021-06-23 09:22:48', 314, 0, 0),
(285, 1, '', '0000-00-00', 'SMPN 4 KUWUS BARAT', 2021, '', '', '', '2021-06-23 09:38:46', 315, 0, 0),
(286, 1, '', '0000-00-00', 'SMPN 4 KUWUS BARAT', 2021, '', '', '', '2021-06-23 09:49:31', 316, 0, 0),
(287, 1, '', '0000-00-00', 'SMPN 4 KUWUS BARAT', 2021, '', '', '', '2021-06-23 09:55:23', 317, 0, 0),
(288, 1, '', '0000-00-00', 'SMPN 1 KUWUS', 2021, '', '', '', '2021-06-23 10:04:21', 318, 0, 0),
(289, 4, '', '0000-00-00', 'SMPN 8 ELAR', 2021, '', '', '', '2021-06-23 11:57:03', 319, 0, 0),
(290, 4, '', '0000-00-00', 'smpn 2 kuwus barat', 2021, '', '', '', '2021-06-23 02:21:54', 320, 0, 0),
(291, 4, '', '0000-00-00', 'SMPN 1 PACAR', 2021, '', '', '', '2021-06-23 02:26:00', 321, 0, 0),
(292, 1, '', '0000-00-00', 'SMPN 4 KUWUS', 2021, '', '', '', '2021-06-24 09:23:43', 322, 0, 0),
(293, 2, '', '0000-00-00', 'SMPN 11 RUTENG', 2021, '', '', '', '2021-06-24 09:57:38', 323, 0, 0),
(294, 1, '', '0000-00-00', 'SMPN 4 KUWUS BARAT', 2021, '', '', '', '2021-06-24 10:20:17', 324, 0, 0),
(295, 4, '', '0000-00-00', 'SMPN 1 KUWUS', 2021, '', '', '', '2021-06-26 10:13:35', 325, 0, 0),
(296, 2, '', '0000-00-00', 'SMPN 3 KUWUS BARAT', 2021, '', '', '', '2021-06-28 10:00:13', 326, 0, 0),
(297, 2, '', '0000-00-00', 'SMPN 1 PACAR', 2021, '', '', '', '2021-06-28 10:24:11', 327, 0, 0),
(298, 2, '', '0000-00-00', 'SMPK SADAR RANGGU', 2021, '', '', '', '2021-06-28 10:29:16', 328, 0, 0),
(299, 1, '', '0000-00-00', 'SMPN 1 KUWUS BARAT', 2021, '', '', '', '2021-06-28 11:48:09', 329, 0, 0),
(300, 1, '', '0000-00-00', 'SMPN 3 NDOSO', 2020, '', '', '', '2021-06-28 11:53:07', 330, 0, 0),
(301, 2, '', '0000-00-00', 'SMPN 3 PACAR', 2021, '', '', '', '2021-06-28 11:58:08', 331, 0, 0),
(307, 2, '', '0000-00-00', 'SMPN 1 KUWUS', 2021, '', '', '', '2021-06-29 11:39:16', 333, 0, 0),
(308, 2, '', '0000-00-00', 'SMP SADAR RANGGU', 2021, '', '', '', '2021-06-29 11:44:37', 338, 0, 0),
(309, 2, '', '0000-00-00', 'SMPN 2 PACAR', 2021, '', '', '', '2021-06-29 11:50:31', 339, 0, 0),
(310, 3, '', '0000-00-00', 'SMPN 3 KUWUS', 2021, '', '', '', '2021-06-29 12:29:13', 340, 0, 0),
(311, 3, '', '0000-00-00', 'SMPN 3 KUWUS', 2021, '', '', '', '2021-06-29 12:34:09', 341, 0, 0),
(314, 3, '', '0000-00-00', 'SMPN 3 KUWUS', 2021, '', '', '', '2021-06-29 01:00:56', 344, 0, 0),
(315, 1, '', '0000-00-00', 'SMPK SADAR RANGGU', 2021, '', '', '', '2021-06-30 01:02:59', 345, 0, 0),
(316, 2, '', '0000-00-00', 'SMPN 1 NSOAO', 2021, '', '', '', '2021-07-01 12:48:32', 346, 0, 0),
(317, 4, '', '0000-00-00', 'SMPN 3 NDOSO', 2021, '', '', '', '2021-07-03 10:56:44', 347, 0, 0),
(318, 4, '', '0000-00-00', 'SMP KEMASYARAKATAN NDOSO', 2021, '', '', '', '2021-07-03 11:01:57', 348, 0, 0),
(319, 1, '', '0000-00-00', 'SMP KEMASYARAKATAN NDOSO', 2021, '', '', '', '2021-07-03 11:07:08', 349, 0, 0),
(320, 1, '', '0000-00-00', 'SMPN 2 KUWUS', 2021, '', '', '', '2021-07-03 11:11:28', 350, 0, 0),
(321, 2, '', '0000-00-00', 'SMPN 4 NDOSO', 2021, '', '', '', '2021-07-03 11:14:31', 351, 0, 0),
(322, 2, '', '0000-00-00', 'SMPN 5 NDOSO', 2021, '', '', '', '2021-07-03 11:19:13', 352, 0, 0),
(323, 3, '', '0000-00-00', 'SMPN 4 KUWUS BARAT', 2021, '', '', '', '2021-07-05 09:42:32', 353, 0, 0);

-- --------------------------------------------------------

--
-- Table structure for table `tb_rencana`
--

CREATE TABLE `tb_rencana` (
  `id_rencana` int(11) NOT NULL,
  `id_kd` int(11) NOT NULL,
  `id_mapel` int(11) NOT NULL,
  `aktifitas_penilaian` varchar(30) NOT NULL,
  `teknik_penilaian` varchar(30) NOT NULL,
  `bobot` int(11) NOT NULL
) ENGINE=InnoDB DEFAULT CHARSET=latin1;

-- --------------------------------------------------------

--
-- Table structure for table `tb_unggah`
--

CREATE TABLE `tb_unggah` (
  `ID_Unggah` int(11) NOT NULL,
  `Ijazah` varchar(100) NOT NULL,
  `KK` varchar(100) NOT NULL,
  `Akte` varchar(100) NOT NULL,
  `SKHUN` varchar(100) NOT NULL,
  `Foto` varchar(100) NOT NULL,
  `wu_unggah` datetime NOT NULL,
  `ID_Siswa` int(100) NOT NULL
) ENGINE=InnoDB DEFAULT CHARSET=latin1;

-- --------------------------------------------------------

--
-- Table structure for table `tb_wali`
--

CREATE TABLE `tb_wali` (
  `ID_Wali` int(11) NOT NULL,
  `Wali` varchar(50) NOT NULL,
  `NIK_Wali` varchar(20) NOT NULL,
  `Tgl_Lahir_Wali` date NOT NULL,
  `Pendidikan_Wali` varchar(20) NOT NULL,
  `Pekerjaan_Wali` varchar(50) NOT NULL,
  `Penghasilan_Wali` varchar(50) NOT NULL,
  `KK_Wali` varchar(30) NOT NULL,
  `wu_wali` datetime NOT NULL,
  `ID_Siswa` int(11) NOT NULL
) ENGINE=InnoDB DEFAULT CHARSET=latin1;

--
-- Indexes for dumped tables
--

--
-- Indexes for table `tb_admin`
--
ALTER TABLE `tb_admin`
  ADD PRIMARY KEY (`ID_Admin`);

--
-- Indexes for table `tb_ayah`
--
ALTER TABLE `tb_ayah`
  ADD PRIMARY KEY (`ID_Ayah`);

--
-- Indexes for table `tb_bank`
--
ALTER TABLE `tb_bank`
  ADD PRIMARY KEY (`ID_Bank`);

--
-- Indexes for table `tb_beasiswa`
--
ALTER TABLE `tb_beasiswa`
  ADD PRIMARY KEY (`ID_Beasiswa`);

--
-- Indexes for table `tb_guru`
--
ALTER TABLE `tb_guru`
  ADD PRIMARY KEY (`ID_Guru`);

--
-- Indexes for table `tb_ibu`
--
ALTER TABLE `tb_ibu`
  ADD PRIMARY KEY (`ID_Ibu`);

--
-- Indexes for table `tb_jurusan`
--
ALTER TABLE `tb_jurusan`
  ADD PRIMARY KEY (`ID_Jurusan`);

--
-- Indexes for table `tb_kd`
--
ALTER TABLE `tb_kd`
  ADD PRIMARY KEY (`id_kd`);

--
-- Indexes for table `tb_kelas`
--
ALTER TABLE `tb_kelas`
  ADD PRIMARY KEY (`ID_Kelas`);

--
-- Indexes for table `tb_keluar`
--
ALTER TABLE `tb_keluar`
  ADD PRIMARY KEY (`ID_Keluar`);

--
-- Indexes for table `tb_kontak`
--
ALTER TABLE `tb_kontak`
  ADD PRIMARY KEY (`ID_Kontak`);

--
-- Indexes for table `tb_mapel`
--
ALTER TABLE `tb_mapel`
  ADD PRIMARY KEY (`ID_Mapel`);

--
-- Indexes for table `tb_periodik`
--
ALTER TABLE `tb_periodik`
  ADD PRIMARY KEY (`ID_Periodik`);

--
-- Indexes for table `tb_prestasi`
--
ALTER TABLE `tb_prestasi`
  ADD PRIMARY KEY (`ID_Prestasi`);

--
-- Indexes for table `tb_pribadi`
--
ALTER TABLE `tb_pribadi`
  ADD PRIMARY KEY (`ID_Siswa`);

--
-- Indexes for table `tb_registrasi`
--
ALTER TABLE `tb_registrasi`
  ADD PRIMARY KEY (`ID_Reg`);

--
-- Indexes for table `tb_rencana`
--
ALTER TABLE `tb_rencana`
  ADD PRIMARY KEY (`id_rencana`);

--
-- Indexes for table `tb_unggah`
--
ALTER TABLE `tb_unggah`
  ADD PRIMARY KEY (`ID_Unggah`);

--
-- Indexes for table `tb_wali`
--
ALTER TABLE `tb_wali`
  ADD PRIMARY KEY (`ID_Wali`);

--
-- AUTO_INCREMENT for dumped tables
--

--
-- AUTO_INCREMENT for table `tb_admin`
--
ALTER TABLE `tb_admin`
  MODIFY `ID_Admin` int(11) NOT NULL AUTO_INCREMENT, AUTO_INCREMENT=3;

--
-- AUTO_INCREMENT for table `tb_ayah`
--
ALTER TABLE `tb_ayah`
  MODIFY `ID_Ayah` int(11) NOT NULL AUTO_INCREMENT, AUTO_INCREMENT=291;

--
-- AUTO_INCREMENT for table `tb_bank`
--
ALTER TABLE `tb_bank`
  MODIFY `ID_Bank` int(11) NOT NULL AUTO_INCREMENT;

--
-- AUTO_INCREMENT for table `tb_beasiswa`
--
ALTER TABLE `tb_beasiswa`
  MODIFY `ID_Beasiswa` int(11) NOT NULL AUTO_INCREMENT;

--
-- AUTO_INCREMENT for table `tb_guru`
--
ALTER TABLE `tb_guru`
  MODIFY `ID_Guru` int(11) NOT NULL AUTO_INCREMENT;

--
-- AUTO_INCREMENT for table `tb_ibu`
--
ALTER TABLE `tb_ibu`
  MODIFY `ID_Ibu` int(11) NOT NULL AUTO_INCREMENT, AUTO_INCREMENT=292;

--
-- AUTO_INCREMENT for table `tb_jurusan`
--
ALTER TABLE `tb_jurusan`
  MODIFY `ID_Jurusan` int(2) NOT NULL AUTO_INCREMENT, AUTO_INCREMENT=5;

--
-- AUTO_INCREMENT for table `tb_kd`
--
ALTER TABLE `tb_kd`
  MODIFY `id_kd` int(11) NOT NULL AUTO_INCREMENT, AUTO_INCREMENT=31;

--
-- AUTO_INCREMENT for table `tb_kelas`
--
ALTER TABLE `tb_kelas`
  MODIFY `ID_Kelas` int(11) NOT NULL AUTO_INCREMENT, AUTO_INCREMENT=70;

--
-- AUTO_INCREMENT for table `tb_keluar`
--
ALTER TABLE `tb_keluar`
  MODIFY `ID_Keluar` int(11) NOT NULL AUTO_INCREMENT;

--
-- AUTO_INCREMENT for table `tb_kontak`
--
ALTER TABLE `tb_kontak`
  MODIFY `ID_Kontak` int(11) NOT NULL AUTO_INCREMENT, AUTO_INCREMENT=354;

--
-- AUTO_INCREMENT for table `tb_mapel`
--
ALTER TABLE `tb_mapel`
  MODIFY `ID_Mapel` int(11) NOT NULL AUTO_INCREMENT, AUTO_INCREMENT=5;

--
-- AUTO_INCREMENT for table `tb_periodik`
--
ALTER TABLE `tb_periodik`
  MODIFY `ID_Periodik` int(11) NOT NULL AUTO_INCREMENT;

--
-- AUTO_INCREMENT for table `tb_prestasi`
--
ALTER TABLE `tb_prestasi`
  MODIFY `ID_Prestasi` int(11) NOT NULL AUTO_INCREMENT;

--
-- AUTO_INCREMENT for table `tb_pribadi`
--
ALTER TABLE `tb_pribadi`
  MODIFY `ID_Siswa` int(11) NOT NULL AUTO_INCREMENT, AUTO_INCREMENT=354;

--
-- AUTO_INCREMENT for table `tb_registrasi`
--
ALTER TABLE `tb_registrasi`
  MODIFY `ID_Reg` int(11) NOT NULL AUTO_INCREMENT, AUTO_INCREMENT=324;

--
-- AUTO_INCREMENT for table `tb_rencana`
--
ALTER TABLE `tb_rencana`
  MODIFY `id_rencana` int(11) NOT NULL AUTO_INCREMENT;

--
-- AUTO_INCREMENT for table `tb_unggah`
--
ALTER TABLE `tb_unggah`
  MODIFY `ID_Unggah` int(11) NOT NULL AUTO_INCREMENT;

--
-- AUTO_INCREMENT for table `tb_wali`
--
ALTER TABLE `tb_wali`
  MODIFY `ID_Wali` int(11) NOT NULL AUTO_INCREMENT;
COMMIT;

/*!40101 SET CHARACTER_SET_CLIENT=@OLD_CHARACTER_SET_CLIENT */;
/*!40101 SET CHARACTER_SET_RESULTS=@OLD_CHARACTER_SET_RESULTS */;
/*!40101 SET COLLATION_CONNECTION=@OLD_COLLATION_CONNECTION */;
